{
"type": "FeatureCollection",
"name": "safety_buffers",
"crs": { "type": "name", "properties": { "name": "urn:ogc:def:crs:OGC:1.3:CRS84" } },
"features": [
{ "type": "Feature", "properties": { "element": "node", "id": 3994569057, "addr:city": null, "addr:housenumber": null, "addr:postcode": null, "addr:street": null, "amenity": "hospital", "brand": null, "brand:ar": null, "brand:ur": null, "brand:wikidata": null, "brand:wikipedia": null, "brand:wikipedia:ar": null, "brand:wikipedia:ur": null, "name": "Dr.Tanseeb Hospital", "name:ar": "مستشفى الدكتور تنصيب", "name:en": null, "name:fa": null, "name:pa": null, "name:pnb": null, "name:sd": null, "name:ur": null, "opening_hours": null, "short_name": null, "short_name:ur": null, "cuisine": null, "operator": null, "religion": null, "building": null, "phone": null, "emergency": "yes", "email": null, "website": null, "wheelchair": null, "brand:ks": null, "name:ks": null, "brand:en": null, "takeaway": null, "brand:fa": null, "brand:wikipedia:fa": null, "facebook": null, "denomination": null, "delivery": null, "diet:halal": null, "internet_access": null, "reservation": null, "addr:place": null, "internet_access:fee": null, "outdoor_seating": null, "reg_name": null, "loc_name": null, "vending": null, "alt_name": null, "community_centre": null, "description": null, "wikidata": null, "service_times": null, "layer": null, "architect": null, "source": null, "operator:wikidata": null }, "geometry": { "type": "Polygon", "coordinates": [ [ [ 73.601763328730172, 30.876380842893916 ], [ 73.601717113581486, 30.87594094427153 ], [ 73.601621132851889, 30.875507070930531 ], [ 73.601476311502054, 30.875083401135658 ], [ 73.601284044778495, 30.874674014840572 ], [ 73.601046184756015, 30.874282854404139 ], [ 73.600765022484211, 30.873913686633102 ], [ 73.600443265910826, 30.873570066516571 ], [ 73.600084013795055, 30.873255303000914 ], [ 73.599690725862189, 30.872972427134545 ], [ 73.599267189487207, 30.872724162888588 ], [ 73.598817483228117, 30.872512900934201 ], [ 73.598345937559813, 30.872340675628806 ], [ 73.597857093186263, 30.872209145432056 ], [ 73.597355657331732, 30.872119576940349 ], [ 73.596846458431202, 30.872072832693107 ], [ 73.596334399655603, 30.872069362868046 ], [ 73.595824411718056, 30.872109200945602 ], [ 73.595321405415206, 30.872191963383958 ], [ 73.594830224358958, 30.872316853308202 ], [ 73.594355598353644, 30.87248266817798 ], [ 73.593902097865865, 30.87268781136029 ], [ 73.593474090025495, 30.872930307496098 ], [ 73.593075696580385, 30.873207821513336 ], [ 73.592710754209406, 30.873517681103415 ], [ 73.592382777575793, 30.873856902445453 ], [ 73.592094925476331, 30.87422221893063 ], [ 73.591849970412682, 30.874610112610782 ], [ 73.591650271878038, 30.875016848068551 ], [ 73.591497753616949, 30.875438508383464 ], [ 73.591393885077892, 30.875871032847602 ], [ 73.591339667238145, 30.87631025606823 ], [ 73.591335622938189, 30.87675194808067 ], [ 73.591381791819785, 30.877191855085382 ], [ 73.591477729917642, 30.87762574041685 ], [ 73.591622513909456, 30.878049425349555 ], [ 73.591814749984323, 30.878458829348109 ], [ 73.592052587245249, 30.878850009373281 ], [ 73.592333735517386, 30.879219197865559 ], [ 73.592655487390957, 30.87956283903954 ], [ 73.593014744287373, 30.879877623139603 ], [ 73.593408046297654, 30.880160518326324 ], [ 73.593831605505812, 30.88040879988608 ], [ 73.594281342476393, 30.880620076482337 ], [ 73.594752925554261, 30.88079231319503 ], [ 73.59524181259782, 30.880923851126131 ], [ 73.595743294743031, 30.881013423381972 ], [ 73.596252541775968, 30.88106016727853 ], [ 73.596764648676029, 30.881063632651536 ], [ 73.597274682880666, 30.881023786191655 ], [ 73.597777731815256, 30.880941011762822 ], [ 73.59826895022951, 30.880816106700742 ], [ 73.598743606883531, 30.880650274127486 ], [ 73.59919713013285, 30.88044511135644 ], [ 73.599625151972901, 30.88020259449938 ], [ 73.600023550117825, 30.879925059424725 ], [ 73.600388487708145, 30.879615179250209 ], [ 73.600716450264358, 30.879275938587835 ], [ 73.601004279530628, 30.878910604788881 ], [ 73.601249203882801, 30.878522696466835 ], [ 73.601448865007882, 30.878115949601757 ], [ 73.601601340598961, 30.877694281552515 ], [ 73.601705162847338, 30.877261753324227 ], [ 73.601759332554664, 30.876822530454302 ], [ 73.601763328730172, 30.876380842893916 ] ] ] } },
{ "type": "Feature", "properties": { "element": "node", "id": 4300863690, "addr:city": null, "addr:housenumber": null, "addr:postcode": null, "addr:street": null, "amenity": "school", "brand": null, "brand:ar": null, "brand:ur": null, "brand:wikidata": null, "brand:wikipedia": null, "brand:wikipedia:ar": null, "brand:wikipedia:ur": null, "name": "Hazrat karmanwala college n Islamic university", "name:ar": null, "name:en": null, "name:fa": null, "name:pa": null, "name:pnb": null, "name:sd": null, "name:ur": null, "opening_hours": null, "short_name": null, "short_name:ur": null, "cuisine": null, "operator": "syed kamran hussain tayyabi", "religion": null, "building": null, "phone": "0442513317", "emergency": null, "email": "syedtayyabi@gmail.com", "website": "http://karmanwala.com", "wheelchair": null, "brand:ks": null, "name:ks": null, "brand:en": null, "takeaway": null, "brand:fa": null, "brand:wikipedia:fa": null, "facebook": null, "denomination": null, "delivery": null, "diet:halal": null, "internet_access": null, "reservation": null, "addr:place": null, "internet_access:fee": null, "outdoor_seating": null, "reg_name": null, "loc_name": null, "vending": null, "alt_name": null, "community_centre": null, "description": null, "wikidata": null, "service_times": null, "layer": null, "architect": null, "source": null, "operator:wikidata": null }, "geometry": { "type": "Polygon", "coordinates": [ [ [ 73.49579911583163, 30.826785972877278 ], [ 73.495753435432405, 30.826345983972264 ], [ 73.495658002706662, 30.825911977593293 ], [ 73.495513737337191, 30.825488133288452 ], [ 73.495322029216553, 30.825078532694121 ], [ 73.495084725041039, 30.824687120234877 ], [ 73.494804110508881, 30.824317665146214 ], [ 73.494482888295124, 30.823973725185571 ], [ 73.494124152015615, 30.823658612380548 ], [ 73.49373135643107, 30.823375361143952 ], [ 73.493308284178298, 30.823126699062026 ], [ 73.492859009349132, 30.822915020637044 ], [ 73.492387858267108, 30.822742364236493 ], [ 73.491899367839508, 30.822610392470608 ], [ 73.491398241885008, 30.822520376186887 ], [ 73.490889305856825, 30.82247318223547 ], [ 73.490377460396402, 30.822469265122987 ], [ 73.489867634164227, 30.822508662635371 ], [ 73.489364736400489, 30.822590995471515 ], [ 73.488873609672169, 30.82271547089163 ], [ 73.48839898325987, 30.822880890345214 ], [ 73.487945427633022, 30.823085661005411 ], [ 73.48751731045077, 30.823327811099194 ], [ 73.487118754511641, 30.823605008885711 ], [ 73.48675359805658, 30.823914585100923 ], [ 73.486425357807406, 30.824253558652455 ], [ 73.486137195096219, 30.824618665317704 ], [ 73.485891885412457, 30.825006389169531 ], [ 73.48569179166094, 30.825412996426827 ], [ 73.485538841389015, 30.825834571404872 ], [ 73.48543450820253, 30.826267054219045 ], [ 73.485379797550877, 30.826706279879474 ], [ 73.485375237018332, 30.827148018399996 ], [ 73.485420871216704, 30.827588015535273 ], [ 73.485516261329025, 30.82802203375396 ], [ 73.485660489310135, 30.828445893052962 ], [ 73.48585216670422, 30.828855511219675 ], [ 73.486089447995852, 30.829246943154242 ], [ 73.486370048366183, 30.829616418872746 ], [ 73.486691265684414, 30.829960379824936 ], [ 73.487050006522807, 30.830275513176527 ], [ 73.487442815945499, 30.830558783725131 ], [ 73.487865910783839, 30.830807463142328 ], [ 73.488315216078078, 30.831019156259696 ], [ 73.488786404333894, 30.831191824145098 ], [ 73.489274937215455, 30.831323803746955 ], [ 73.489776109272597, 30.831413823916627 ], [ 73.490285093280434, 30.831461017654654 ], [ 73.490796986753637, 30.831464930462598 ], [ 73.491306859186651, 30.831425524719943 ], [ 73.491809799563796, 30.831343180044097 ], [ 73.492300963680506, 30.831218689629814 ], [ 73.492775620819359, 30.831053252603844 ], [ 73.493229199330088, 30.83084846246831 ], [ 73.493657330674154, 30.830606291744708 ], [ 73.494055891508822, 30.830329072966645 ], [ 73.494421043404969, 30.830019476204843 ], [ 73.494749269815998, 30.829680483341317 ], [ 73.495037409941631, 30.829315359340779 ], [ 73.495282689160334, 30.828927620796581 ], [ 73.495482745738045, 30.828521002054437 ], [ 73.495635653556008, 30.828099419240427 ], [ 73.495739940639837, 30.827666932540296 ], [ 73.495794603311879, 30.827227707093243 ], [ 73.49579911583163, 30.826785972877278 ] ] ] } },
{ "type": "Feature", "properties": { "element": "node", "id": 4827704336, "addr:city": null, "addr:housenumber": "165", "addr:postcode": "56300", "addr:street": "Rehmat ullahTown", "amenity": "school", "brand": null, "brand:ar": null, "brand:ur": null, "brand:wikidata": null, "brand:wikipedia": null, "brand:wikipedia:ar": null, "brand:wikipedia:ur": null, "name": "The Knowledge School IMT", "name:ar": null, "name:en": "The Knowledge School IMT", "name:fa": null, "name:pa": null, "name:pnb": null, "name:sd": null, "name:ur": null, "opening_hours": "Mo-Sa 09:00-15:00", "short_name": null, "short_name:ur": null, "cuisine": null, "operator": null, "religion": null, "building": null, "phone": null, "emergency": null, "email": null, "website": null, "wheelchair": null, "brand:ks": null, "name:ks": null, "brand:en": null, "takeaway": null, "brand:fa": null, "brand:wikipedia:fa": null, "facebook": null, "denomination": null, "delivery": null, "diet:halal": null, "internet_access": null, "reservation": null, "addr:place": null, "internet_access:fee": null, "outdoor_seating": null, "reg_name": null, "loc_name": null, "vending": null, "alt_name": null, "community_centre": null, "description": null, "wikidata": null, "service_times": null, "layer": null, "architect": null, "source": null, "operator:wikidata": null }, "geometry": { "type": "Polygon", "coordinates": [ [ [ 73.459203527635125, 30.818460688657506 ], [ 73.459158022088673, 30.818020669756859 ], [ 73.459062764338469, 30.817586619074106 ], [ 73.45891867238241, 30.817162716584754 ], [ 73.458727134443407, 30.816753044486173 ], [ 73.45848999557937, 30.816361547892143 ], [ 73.458209539897254, 30.815991996848904 ], [ 73.457888468543231, 30.815647950038368 ], [ 73.457529873681281, 30.815332720517386 ], [ 73.457137208711288, 30.815049343822867 ], [ 73.45671425501331, 30.814800548749258 ], [ 73.456265085538519, 30.814588731079372 ], [ 73.455794025596902, 30.81441593052141 ], [ 73.455305611218947, 30.814283811073452 ], [ 73.45480454549174, 30.814193645004671 ], [ 73.454295653289137, 30.814146300607096 ], [ 73.453783834831, 30.81414223383554 ], [ 73.453274018517973, 30.814181483916464 ], [ 73.452771113494819, 30.814263672967893 ], [ 73.452279962398208, 30.814388009634047 ], [ 73.451805294743025, 30.814553296700041 ], [ 73.451351681395337, 30.814757942613404 ], [ 73.45092349056938, 30.814999976802 ], [ 73.45052484577198, 30.815277068640842 ], [ 73.450159586098863, 30.815586549886017 ], [ 73.44983122926476, 30.815925440359639 ], [ 73.449542937723422, 30.816290476639296 ], [ 73.449297488203925, 30.816678143475837 ], [ 73.449097244956747, 30.817084707637637 ], [ 73.448944136967924, 30.817506253855441 ], [ 73.448839639361466, 30.817938722522165 ], [ 73.448784759169527, 30.818377948784843 ], [ 73.448780025608684, 30.818819702652196 ], [ 73.448825484956885, 30.819259729731844 ], [ 73.44892070008099, 30.819693792204781 ], [ 73.449064754621247, 30.820117709642442 ], [ 73.449256261792598, 30.820527399272983 ], [ 73.44949337771952, 30.820918915308887 ], [ 73.449773819176514, 30.821288486956764 ], [ 73.450094885564084, 30.821632554742902 ], [ 73.450453484909062, 30.821947804804356 ], [ 73.450846163639355, 30.822231200814837 ], [ 73.451269139846076, 30.822480013237634 ], [ 73.45171833971304, 30.822691845623172 ], [ 73.45218943676231, 30.822864657697782 ], [ 73.45267789353737, 30.822996785020777 ], [ 73.453179005321857, 30.823086955020344 ], [ 73.453687945471941, 30.823134299253439 ], [ 73.454199811925164, 30.823138361771527 ], [ 73.454709674436458, 30.823099103511609 ], [ 73.45521262208571, 30.823016902669988 ], [ 73.455703810598123, 30.822892551055521 ], [ 73.456178509020958, 30.822727246457575 ], [ 73.456632145305761, 30.822522581102334 ], [ 73.457060350356855, 30.82228052630909 ], [ 73.457459000120707, 30.822003413494656 ], [ 73.457824255310769, 30.821693911709019 ], [ 73.458152598384572, 30.821355001919418 ], [ 73.458440867417167, 30.820989948290592 ], [ 73.458686286544491, 30.820602266738376 ], [ 73.45888649268403, 30.820195691059929 ], [ 73.459039558275748, 30.819774136967094 ], [ 73.459144009824925, 30.819341664369574 ], [ 73.459198842069398, 30.818902438271397 ], [ 73.459203527635125, 30.818460688657506 ] ] ] } },
{ "type": "Feature", "properties": { "element": "node", "id": 4827704526, "addr:city": null, "addr:housenumber": "29", "addr:postcode": "56300", "addr:street": "Tehsil Road", "amenity": "school", "brand": null, "brand:ar": null, "brand:ur": null, "brand:wikidata": null, "brand:wikipedia": null, "brand:wikipedia:ar": null, "brand:wikipedia:ur": null, "name": "The Knowledge School SMT Campus", "name:ar": null, "name:en": "The Knowledge School SMT Campus", "name:fa": null, "name:pa": null, "name:pnb": null, "name:sd": null, "name:ur": null, "opening_hours": "Mo-Su 08:00-18:00", "short_name": null, "short_name:ur": null, "cuisine": null, "operator": null, "religion": null, "building": null, "phone": "92442525876", "emergency": null, "email": null, "website": "http://www.imt.edu.pk", "wheelchair": null, "brand:ks": null, "name:ks": null, "brand:en": null, "takeaway": null, "brand:fa": null, "brand:wikipedia:fa": null, "facebook": null, "denomination": null, "delivery": null, "diet:halal": null, "internet_access": null, "reservation": null, "addr:place": null, "internet_access:fee": null, "outdoor_seating": null, "reg_name": null, "loc_name": null, "vending": null, "alt_name": null, "community_centre": null, "description": null, "wikidata": null, "service_times": null, "layer": null, "architect": null, "source": null, "operator:wikidata": null }, "geometry": { "type": "Polygon", "coordinates": [ [ [ 73.450463775390119, 30.810785680223649 ], [ 73.450418317655078, 30.810345653657503 ], [ 73.450323110646508, 30.809911591612078 ], [ 73.450179071873436, 30.809487674172466 ], [ 73.449987589046543, 30.809077983680229 ], [ 73.449750506693007, 30.808686465426483 ], [ 73.449470108375635, 30.808316889666219 ], [ 73.449149094688266, 30.80797281531952 ], [ 73.448790557239775, 30.80765755570857 ], [ 73.448397948877343, 30.807374146660138 ], [ 73.447975050436185, 30.807125317280295 ], [ 73.447525934335687, 30.806913463682285 ], [ 73.447054925372143, 30.806740625920263 ], [ 73.446566559085497, 30.806608468350547 ], [ 73.446065538100029, 30.806518263609362 ], [ 73.445556686859064, 30.806470880361033 ], [ 73.445044905188269, 30.806466774934368 ], [ 73.444535121134251, 30.806505986927938 ], [ 73.444032243531339, 30.806588138826381 ], [ 73.443541114752222, 30.806712439631522 ], [ 73.443066464096944, 30.806877692473638 ], [ 73.44261286226785, 30.807082306129679 ], [ 73.442184677368132, 30.807324310337982 ], [ 73.44178603284746, 30.807601374762164 ], [ 73.441420767798633, 30.807910831422181 ], [ 73.441092399987895, 30.808249700376852 ], [ 73.440804091974414, 30.808614718410944 ], [ 73.440558620645533, 30.809002370451012 ], [ 73.440358350461423, 30.80940892340795 ], [ 73.440205210667159, 30.809830462120448 ], [ 73.440100676692708, 30.810262927053845 ], [ 73.440045755920096, 30.810702153391244 ], [ 73.440040977956457, 30.811143911140771 ], [ 73.440086389507059, 30.811583945872872 ], [ 73.44018155389891, 30.812018019695007 ], [ 73.440325555260685, 30.812441952069523 ], [ 73.440517007319428, 30.812851660080895 ], [ 73.440754066730364, 30.813243197764795 ], [ 73.441034450812353, 30.813612794119518 ], [ 73.44135545951859, 30.813956889433548 ], [ 73.441714001431663, 30.814272169578938 ], [ 73.442106623532808, 30.814555597939801 ], [ 73.442529544458793, 30.814804444667892 ], [ 73.442978690926225, 30.815016312983289 ], [ 73.443449736971758, 30.815189162266254 ], [ 73.443938145630469, 30.815321327717722 ], [ 73.444439212649698, 30.815411536398571 ], [ 73.444948111817098, 30.815458919493107 ], [ 73.445459941465202, 30.815463020678393 ], [ 73.445969771703631, 30.815423800518868 ], [ 73.44647269192329, 30.815341636843723 ], [ 73.446963858113691, 30.81521732110367 ], [ 73.447438539537103, 30.815052050742423 ], [ 73.447892164308811, 30.814847417656235 ], [ 73.448320363443898, 30.814605392853476 ], [ 73.448719012945702, 30.81432830746197 ], [ 73.449084273529962, 30.814018830267496 ], [ 73.449412627602001, 30.813679942000398 ], [ 73.449700913130627, 30.813314906618071 ], [ 73.449946354092575, 30.812927239860617 ], [ 73.450146587194709, 30.812520675382739 ], [ 73.450299684616894, 30.812099128788478 ], [ 73.450404172557597, 30.811666659915407 ], [ 73.45045904540379, 30.811227433731826 ], [ 73.450463775390119, 30.810785680223649 ] ] ] } },
{ "type": "Feature", "properties": { "element": "node", "id": 6175976785, "addr:city": null, "addr:housenumber": null, "addr:postcode": null, "addr:street": "Street #1 Sabir Colony Depalpur Chowk Okara", "amenity": "clinic", "brand": null, "brand:ar": null, "brand:ur": null, "brand:wikidata": null, "brand:wikipedia": null, "brand:wikipedia:ar": null, "brand:wikipedia:ur": null, "name": "Punjab Clinic", "name:ar": null, "name:en": null, "name:fa": null, "name:pa": null, "name:pnb": null, "name:sd": null, "name:ur": null, "opening_hours": "Sa-Th 09:00-20:00", "short_name": null, "short_name:ur": null, "cuisine": null, "operator": null, "religion": null, "building": null, "phone": null, "emergency": null, "email": null, "website": null, "wheelchair": null, "brand:ks": null, "name:ks": null, "brand:en": null, "takeaway": null, "brand:fa": null, "brand:wikipedia:fa": null, "facebook": null, "denomination": null, "delivery": null, "diet:halal": null, "internet_access": null, "reservation": null, "addr:place": null, "internet_access:fee": null, "outdoor_seating": null, "reg_name": null, "loc_name": null, "vending": null, "alt_name": null, "community_centre": null, "description": null, "wikidata": null, "service_times": null, "layer": null, "architect": null, "source": null, "operator:wikidata": null }, "geometry": { "type": "Polygon", "coordinates": [ [ [ 73.465734700765566, 30.805856791928402 ], [ 73.465689179090461, 30.805416777055534 ], [ 73.465593912367311, 30.804982732255716 ], [ 73.465449818679986, 30.80455883744775 ], [ 73.465258286267556, 30.80414917475499 ], [ 73.465021160134285, 30.803757689200648 ], [ 73.464740724264175, 30.803388150724679 ], [ 73.464419679612206, 30.803044117888053 ], [ 73.464061118084985, 30.802728903613158 ], [ 73.46366849276113, 30.802445543290236 ], [ 73.463245584638827, 30.802196765556221 ], [ 73.46279646623033, 30.801984966027153 ], [ 73.462325462353917, 30.801812184236685 ], [ 73.461837108500305, 30.801680084002367 ], [ 73.461336107173992, 30.801589937408554 ], [ 73.460827282628927, 30.801542612559846 ], [ 73.460315534433789, 30.801538565223005 ], [ 73.459805790313013, 30.801577834437428 ], [ 73.459302958716549, 30.801660042136991 ], [ 73.458811881574391, 30.80178439678641 ], [ 73.458337287689702, 30.801949700997586 ], [ 73.457883747218517, 30.802154363052967 ], [ 73.457455627673625, 30.802396412224887 ], [ 73.457057051875722, 30.802673517744012 ], [ 73.456691858256292, 30.802983011234534 ], [ 73.456363563894101, 30.803321912400499 ], [ 73.456075330641369, 30.803686957716348 ], [ 73.455829934665815, 30.804074631845744 ], [ 73.455629739702147, 30.804481201486588 ], [ 73.455476674271267, 30.804902751316668 ], [ 73.455372213087017, 30.805335221693962 ], [ 73.455317362830485, 30.805774447748817 ], [ 73.455312652429569, 30.806216199491793 ], [ 73.45535812793868, 30.806656222550828 ], [ 73.455453352068631, 30.807090279145566 ], [ 73.455597408372455, 30.807514188903959 ], [ 73.455788910047616, 30.807923869128082 ], [ 73.456026013271114, 30.808315374121023 ], [ 73.456306434939393, 30.80868493319581 ], [ 73.45662747464317, 30.809028986999866 ], [ 73.456986040666038, 30.809344221805031 ], [ 73.457378679756587, 30.809627601432112 ], [ 73.457801610387619, 30.809876396502322 ], [ 73.458250759181865, 30.810088210733397 ], [ 73.458721800153342, 30.810261004026696 ], [ 73.459210196385769, 30.810393112122604 ], [ 73.459711243746085, 30.810483262634698 ], [ 73.460220116211275, 30.810530587307738 ], [ 73.460731912371074, 30.810534630381781 ], [ 73.461241702657873, 30.810495352981167 ], [ 73.461744576847522, 30.810413133486669 ], [ 73.462235691373195, 30.810288763886838 ], [ 73.462710315995125, 30.810123442144302 ], [ 73.463163879376083, 30.809918760650319 ], [ 73.46359201312282, 30.809676690879574 ], [ 73.463990593868914, 30.809399564393029 ], [ 73.464355782992698, 30.809090050372227 ], [ 73.46468406358818, 30.808751129902099 ], [ 73.464972274332183, 30.808386067250076 ], [ 73.465217639921988, 30.80799837841867 ], [ 73.465417797790607, 30.807591797274998 ], [ 73.465570820842672, 30.8071702395833 ], [ 73.465675235992904, 30.806737765287757 ], [ 73.465730038329326, 30.806298539408548 ], [ 73.465734700765566, 30.805856791928402 ] ] ] } },
{ "type": "Feature", "properties": { "element": "node", "id": 6198219485, "addr:city": null, "addr:housenumber": null, "addr:postcode": null, "addr:street": null, "amenity": "school", "brand": null, "brand:ar": null, "brand:ur": null, "brand:wikidata": null, "brand:wikipedia": null, "brand:wikipedia:ar": null, "brand:wikipedia:ur": null, "name": "Government High School Sadar Gogera Okara", "name:ar": null, "name:en": null, "name:fa": null, "name:pa": null, "name:pnb": null, "name:sd": null, "name:ur": null, "opening_hours": null, "short_name": null, "short_name:ur": null, "cuisine": null, "operator": null, "religion": null, "building": null, "phone": null, "emergency": null, "email": null, "website": null, "wheelchair": null, "brand:ks": null, "name:ks": null, "brand:en": null, "takeaway": null, "brand:fa": null, "brand:wikipedia:fa": null, "facebook": null, "denomination": null, "delivery": null, "diet:halal": null, "internet_access": null, "reservation": null, "addr:place": null, "internet_access:fee": null, "outdoor_seating": null, "reg_name": null, "loc_name": null, "vending": null, "alt_name": null, "community_centre": null, "description": null, "wikidata": null, "service_times": null, "layer": null, "architect": null, "source": null, "operator:wikidata": null }, "geometry": { "type": "Polygon", "coordinates": [ [ [ 73.331131970937705, 30.961357415637124 ], [ 73.331086896438279, 30.960917309112151 ], [ 73.330991982333686, 30.960483129023771 ], [ 73.33084814331832, 30.960059056595469 ], [ 73.330656765185395, 30.959649175662513 ], [ 73.330419691459909, 30.959257433350508 ], [ 73.330139205627361, 30.958887602072167 ], [ 73.329818009129596, 30.958543243207664 ], [ 73.329459195340405, 30.958227672817966 ], [ 73.32906621977169, 30.957943929721086 ], [ 73.328642866797381, 30.957694746237959 ], [ 73.328193213215357, 30.957482521889464 ], [ 73.327721588998116, 30.957309300297442 ], [ 73.327232535609468, 30.957176749511767 ], [ 73.326730762288392, 30.957086145952537 ], [ 73.326221100720005, 30.957038362121946 ], [ 73.325708458529391, 30.957033858203911 ], [ 73.3251977720452, 30.957072677632258 ], [ 73.324693958786725, 30.957154446670167 ], [ 73.324201870131418, 30.957278378005054 ], [ 73.323726244617177, 30.957443278324323 ], [ 73.323271662328608, 30.95764755979944 ], [ 73.322842500805521, 30.95788925536792 ], [ 73.322442892897811, 30.958166037666444 ], [ 73.322076686971869, 30.958475241433263 ], [ 73.321747409851696, 30.958813889164443 ], [ 73.321458232851299, 30.959178719777427 ], [ 73.321211941225698, 30.959566220006348 ], [ 73.321010907335022, 30.95997265822691 ], [ 73.320857067780665, 30.960394120385775 ], [ 73.320751904734081, 30.960826547688544 ], [ 73.320696431639234, 30.961265775683628 ], [ 73.320691183426902, 30.96170757436597 ], [ 73.320736211336367, 30.962147688914211 ], [ 73.320831082395188, 30.962581880669248 ], [ 73.320974883563139, 30.963005967959198 ], [ 73.321166230501532, 30.963415866377719 ], [ 73.321403280884113, 30.963807628127203 ], [ 73.321683752122439, 30.964177480047994 ], [ 73.322004943335514, 30.964521859966609 ], [ 73.322363761352662, 30.964837451013008 ], [ 73.322756750499465, 30.965121213575369 ], [ 73.323180125880228, 30.96537041458468 ], [ 73.323629809835964, 30.965582653846557 ], [ 73.324101471226982, 30.965755887166026 ], [ 73.324590567160868, 30.965888446042541 ], [ 73.325092386763671, 30.965979053745105 ], [ 73.325602096571671, 30.966026837612276 ], [ 73.326114787105979, 30.966031337458716 ], [ 73.32662552018013, 30.96599251000708 ], [ 73.327129376484379, 30.965910729302536 ], [ 73.327621502987085, 30.965786783105987 ], [ 73.328097159695872, 30.965621865301166 ], [ 73.328551765327362, 30.965417564388567 ], [ 73.328980941444669, 30.965175848177644 ], [ 73.329380554637055, 30.964899044824993 ], [ 73.329746756335041, 30.964589820401457 ], [ 73.330076019877126, 30.96425115320481 ], [ 73.330365174471083, 30.963886305065643 ], [ 73.330611435722957, 30.963498789923346 ], [ 73.330812432439856, 30.963092339975329 ], [ 73.330966229448975, 30.962670869725617 ], [ 73.331071346213832, 30.962238438279527 ], [ 73.33112677106908, 30.961799210247868 ], [ 73.331131970937705, 30.961357415637124 ] ] ] } },
{ "type": "Feature", "properties": { "element": "node", "id": 7397665261, "addr:city": null, "addr:housenumber": null, "addr:postcode": null, "addr:street": null, "amenity": "school", "brand": null, "brand:ar": null, "brand:ur": null, "brand:wikidata": null, "brand:wikipedia": null, "brand:wikipedia:ar": null, "brand:wikipedia:ur": null, "name": null, "name:ar": null, "name:en": null, "name:fa": null, "name:pa": null, "name:pnb": null, "name:sd": null, "name:ur": null, "opening_hours": null, "short_name": null, "short_name:ur": null, "cuisine": null, "operator": null, "religion": null, "building": null, "phone": null, "emergency": null, "email": null, "website": null, "wheelchair": null, "brand:ks": null, "name:ks": null, "brand:en": null, "takeaway": null, "brand:fa": null, "brand:wikipedia:fa": null, "facebook": null, "denomination": null, "delivery": null, "diet:halal": null, "internet_access": null, "reservation": null, "addr:place": null, "internet_access:fee": null, "outdoor_seating": null, "reg_name": null, "loc_name": null, "vending": null, "alt_name": null, "community_centre": null, "description": null, "wikidata": null, "service_times": null, "layer": null, "architect": null, "source": null, "operator:wikidata": null }, "geometry": { "type": "Polygon", "coordinates": [ [ [ 73.450493807213221, 30.811379175920202 ], [ 73.450448348708946, 30.81093914943315 ], [ 73.450353140632075, 30.810505087507501 ], [ 73.450209100502008, 30.810081170227232 ], [ 73.450017616042501, 30.809671479932337 ], [ 73.449780531796421, 30.809279961912033 ], [ 73.449500131344834, 30.808910386419061 ], [ 73.449179115302172, 30.808566312370928 ], [ 73.448820575299948, 30.80825105308692 ], [ 73.448427964209955, 30.807967644390672 ], [ 73.448005062893685, 30.807718815384835 ], [ 73.447555943798193, 30.807506962179065 ], [ 73.447084931748591, 30.807334124823715 ], [ 73.446596562314539, 30.80720196767119 ], [ 73.446095538150615, 30.807111763353713 ], [ 73.44558668373071, 30.807064380531489 ], [ 73.445074898911116, 30.807060275529246 ], [ 73.444565111768753, 30.807099487941468 ], [ 73.444062231167649, 30.807181640248739 ], [ 73.443571099509342, 30.807305941448991 ], [ 73.443096446121601, 30.807471194668665 ], [ 73.442642841733061, 30.8076758086811 ], [ 73.442214654471599, 30.807917813221191 ], [ 73.441816007809535, 30.808194877949369 ], [ 73.441450740860375, 30.808504334882695 ], [ 73.441122371408639, 30.808843204077338 ], [ 73.440834062029282, 30.809208222315736 ], [ 73.44058858962282, 30.809595874522536 ], [ 73.440388318659814, 30.810002427606989 ], [ 73.440235178392882, 30.810423966406621 ], [ 73.440130644256513, 30.810856431385861 ], [ 73.440075723634365, 30.811295657727403 ], [ 73.44007094613211, 30.811737415439353 ], [ 73.440116358450581, 30.812177450092488 ], [ 73.440211523909454, 30.812611523795059 ], [ 73.44035552662713, 30.81303545601051 ], [ 73.440546980317563, 30.813445163824909 ], [ 73.440784041620333, 30.813836701275783 ], [ 73.441064427836082, 30.814206297363651 ], [ 73.441385438897456, 30.814550392379587 ], [ 73.441743983364347, 30.814865672198515 ], [ 73.442136608193408, 30.815149100207659 ], [ 73.442559531995158, 30.815397946562157 ], [ 73.443008681458451, 30.815609814485693 ], [ 73.443479730591122, 30.815782663362295 ], [ 73.443968142398461, 30.815914828396814 ], [ 73.444469212597483, 30.816005036654122 ], [ 73.444978114945215, 30.816052419322602 ], [ 73.445489947743525, 30.816056520083436 ], [ 73.445999781071691, 30.816017299505148 ], [ 73.446502704290808, 30.815935135420936 ], [ 73.446993873361521, 30.815810819285506 ], [ 73.44746855751832, 30.815645548546332 ], [ 73.447922184850157, 30.815440915103341 ], [ 73.448350386347471, 30.815198889968343 ], [ 73.448749037990808, 30.814921804272355 ], [ 73.449114300475301, 30.81461232680412 ], [ 73.449442656187983, 30.814273438296603 ], [ 73.449730943081846, 30.813908402709519 ], [ 73.449976385120522, 30.813520735784952 ], [ 73.450176619000445, 30.813114171179237 ], [ 73.450329716894103, 30.812692624497625 ], [ 73.450434204995361, 30.812260155578553 ], [ 73.450489077689681, 30.811820929390755 ], [ 73.450493807213221, 30.811379175920202 ] ] ] } },
{ "type": "Feature", "properties": { "element": "node", "id": 7397665262, "addr:city": null, "addr:housenumber": null, "addr:postcode": null, "addr:street": null, "amenity": "school", "brand": null, "brand:ar": null, "brand:ur": null, "brand:wikidata": null, "brand:wikipedia": null, "brand:wikipedia:ar": null, "brand:wikipedia:ur": null, "name": null, "name:ar": null, "name:en": null, "name:fa": null, "name:pa": null, "name:pnb": null, "name:sd": null, "name:ur": null, "opening_hours": null, "short_name": null, "short_name:ur": null, "cuisine": null, "operator": null, "religion": null, "building": null, "phone": null, "emergency": null, "email": null, "website": null, "wheelchair": null, "brand:ks": null, "name:ks": null, "brand:en": null, "takeaway": null, "brand:fa": null, "brand:wikipedia:fa": null, "facebook": null, "denomination": null, "delivery": null, "diet:halal": null, "internet_access": null, "reservation": null, "addr:place": null, "internet_access:fee": null, "outdoor_seating": null, "reg_name": null, "loc_name": null, "vending": null, "alt_name": null, "community_centre": null, "description": null, "wikidata": null, "service_times": null, "layer": null, "architect": null, "source": null, "operator:wikidata": null }, "geometry": { "type": "Polygon", "coordinates": [ [ [ 73.450188133259587, 30.81182148590571 ], [ 73.450142675668928, 30.811381459216868 ], [ 73.450047468246026, 30.810947396995243 ], [ 73.449903428503973, 30.810523479327649 ], [ 73.449711944162829, 30.810113788557835 ], [ 73.449474859764322, 30.809722269979559 ], [ 73.449194458891014, 30.809352693850961 ], [ 73.448873442161414, 30.809008619095668 ], [ 73.448514901213656, 30.808693359039736 ], [ 73.448122288928644, 30.808409949514264 ], [ 73.447699386179394, 30.808161119629876 ], [ 73.44725026542676, 30.807949265504682 ], [ 73.446779251511799, 30.807776427197872 ], [ 73.446290880022147, 30.807644269071027 ], [ 73.445789853632178, 30.807554063765707 ], [ 73.445280996837184, 30.807506679951668 ], [ 73.444769209516338, 30.807502573963159 ], [ 73.444259419770617, 30.807541785404151 ], [ 73.443756536489104, 30.807623936764607 ], [ 73.443265402099144, 30.807748237051531 ], [ 73.442790745954809, 30.807913489400164 ], [ 73.44233713881124, 30.808118102592264 ], [ 73.441908948822828, 30.808360106370607 ], [ 73.441510299488186, 30.808637170402971 ], [ 73.441145029946483, 30.808946626713102 ], [ 73.440816658007222, 30.809285495363188 ], [ 73.440528346269332, 30.80965051314093 ], [ 73.440282871656024, 30.810038164975406 ], [ 73.440082598659103, 30.810444717779475 ], [ 73.439929456550814, 30.810866256393318 ], [ 73.439824920783337, 30.811298721283237 ], [ 73.439769998756077, 30.811737947632739 ], [ 73.439765220088262, 30.8121797054499 ], [ 73.439810631491952, 30.812619740304442 ], [ 73.439905796295648, 30.813053814302723 ], [ 73.440049798624074, 30.813477746905335 ], [ 73.440241252194966, 30.81388745519461 ], [ 73.440478313649066, 30.814278993203501 ], [ 73.440758700285571, 30.814648589927181 ], [ 73.441079712033087, 30.814992685650541 ], [ 73.441438257444915, 30.81530796624174 ], [ 73.441830883468612, 30.815591395080556 ], [ 73.4422538087032, 30.815840242314088 ], [ 73.442702959823748, 30.816052111157603 ], [ 73.443174010822091, 30.816224960986215 ], [ 73.443662424685584, 30.816357126995626 ], [ 73.444163497111433, 30.816447336241303 ], [ 73.444672401835177, 30.816494719902099 ], [ 73.44518423713582, 30.816498821649649 ], [ 73.445694073068523, 30.816459602042929 ], [ 73.446196998969242, 30.816377438905818 ], [ 73.446688170772831, 30.816253123683875 ], [ 73.447162857687417, 30.816087853815777 ], [ 73.447616487775377, 30.815883221193058 ], [ 73.448044692000593, 30.815641196819652 ], [ 73.448443346317333, 30.815364111819232 ], [ 73.448808611394952, 30.815054634973819 ], [ 73.449136969595529, 30.8147157470104 ], [ 73.449425258848066, 30.814350711883488 ], [ 73.449670703093503, 30.813963045330709 ], [ 73.449870939006999, 30.813556481004838 ], [ 73.450024038741461, 30.813134934508437 ], [ 73.450128528473059, 30.812702465678161 ], [ 73.450183402571554, 30.812263239481883 ], [ 73.450188133259587, 30.81182148590571 ] ] ] } },
{ "type": "Feature", "properties": { "element": "node", "id": 7397668526, "addr:city": null, "addr:housenumber": null, "addr:postcode": null, "addr:street": null, "amenity": "school", "brand": null, "brand:ar": null, "brand:ur": null, "brand:wikidata": null, "brand:wikipedia": null, "brand:wikipedia:ar": null, "brand:wikipedia:ur": null, "name": null, "name:ar": null, "name:en": null, "name:fa": null, "name:pa": null, "name:pnb": null, "name:sd": null, "name:ur": null, "opening_hours": null, "short_name": null, "short_name:ur": null, "cuisine": null, "operator": null, "religion": null, "building": null, "phone": null, "emergency": null, "email": null, "website": null, "wheelchair": null, "brand:ks": null, "name:ks": null, "brand:en": null, "takeaway": null, "brand:fa": null, "brand:wikipedia:fa": null, "facebook": null, "denomination": null, "delivery": null, "diet:halal": null, "internet_access": null, "reservation": null, "addr:place": null, "internet_access:fee": null, "outdoor_seating": null, "reg_name": null, "loc_name": null, "vending": null, "alt_name": null, "community_centre": null, "description": null, "wikidata": null, "service_times": null, "layer": null, "architect": null, "source": null, "operator:wikidata": null }, "geometry": { "type": "Polygon", "coordinates": [ [ [ 73.446242427722666, 30.809347557474425 ], [ 73.446196990653334, 30.808907527420814 ], [ 73.446101804569793, 30.808473460214543 ], [ 73.44595778677963, 30.808049535990524 ], [ 73.445766324791464, 30.807639837155719 ], [ 73.445529262931771, 30.807248309081636 ], [ 73.445248884566155, 30.806878722117958 ], [ 73.444927890096366, 30.806534635292671 ], [ 73.44456937094634, 30.806219362048154 ], [ 73.444176779787128, 30.805935938342515 ], [ 73.443753897288417, 30.805687093422993 ], [ 73.443304795716202, 30.805475223552435 ], [ 73.442833799727012, 30.8053023689417 ], [ 73.442345444735906, 30.805170194109305 ], [ 73.441844433258524, 30.80507997185768 ], [ 73.441335589646712, 30.805032571019694 ], [ 73.440823813652742, 30.805028448093477 ], [ 73.440314033268592, 30.805067642846062 ], [ 73.439811157293235, 30.805149777928012 ], [ 73.439320028083728, 30.805274062503052 ], [ 73.438845374944222, 30.80543929985766 ], [ 73.43839176860088, 30.805643898917882 ], [ 73.437963577200364, 30.805885889562557 ], [ 73.437564924254772, 30.80616294158586 ], [ 73.437199648937977, 30.80647238712718 ], [ 73.436871269114988, 30.806811246352385 ], [ 73.436582947460494, 30.807176256139918 ], [ 73.436337460993087, 30.807563901495815 ], [ 73.436137174318588, 30.807970449395334 ], [ 73.435984016840791, 30.808391984725954 ], [ 73.435879464159825, 30.808824447985629 ], [ 73.435824523837809, 30.809263674373636 ], [ 73.435819725670044, 30.809705433897722 ], [ 73.435865116556357, 30.810145472111312 ], [ 73.435960260022739, 30.810579551088441 ], [ 73.436104240399388, 30.811003490241859 ], [ 73.436295671615468, 30.811413206590881 ], [ 73.436532710527018, 30.811804754090929 ], [ 73.436813074650374, 30.812174361645809 ], [ 73.437134064131044, 30.812518469436213 ], [ 73.437492587736884, 30.81283376321408 ], [ 73.437885192625572, 30.81311720623221 ], [ 73.438308097599787, 30.813366068501235 ], [ 73.438757229529855, 30.813577953091539 ], [ 73.439228262592593, 30.813750819226605 ], [ 73.439716659948232, 30.813883001945033 ], [ 73.440217717453066, 30.813973228141347 ], [ 73.440726608986481, 30.814020628831088 ], [ 73.441238432954563, 30.81402474752181 ], [ 73.441748259521745, 30.81398554460927 ], [ 73.442251178114219, 30.813903397756444 ], [ 73.442742344737241, 30.813779098252009 ], [ 73.44321702864886, 30.813613843383191 ], [ 73.443670657940331, 30.813409224896994 ], [ 73.444098863583122, 30.813167213661121 ], [ 73.444497521517803, 30.812890140672696 ], [ 73.4448627923788, 30.812580674598031 ], [ 73.44519115847234, 30.812241796060331 ], [ 73.445479457651302, 30.811876768923305 ], [ 73.445724913760856, 30.811489108847674 ], [ 73.445925163361821, 30.811082549423812 ], [ 73.446078278475085, 30.810661006207155 ], [ 73.446182785128585, 30.810228539002797 ], [ 73.446237677529012, 30.809789312763041 ], [ 73.446242427722666, 30.809347557474425 ] ] ] } },
{ "type": "Feature", "properties": { "element": "node", "id": 7397668527, "addr:city": null, "addr:housenumber": null, "addr:postcode": null, "addr:street": null, "amenity": "school", "brand": null, "brand:ar": null, "brand:ur": null, "brand:wikidata": null, "brand:wikipedia": null, "brand:wikipedia:ar": null, "brand:wikipedia:ur": null, "name": null, "name:ar": null, "name:en": null, "name:fa": null, "name:pa": null, "name:pnb": null, "name:sd": null, "name:ur": null, "opening_hours": null, "short_name": null, "short_name:ur": null, "cuisine": null, "operator": null, "religion": null, "building": null, "phone": null, "emergency": null, "email": null, "website": null, "wheelchair": null, "brand:ks": null, "name:ks": null, "brand:en": null, "takeaway": null, "brand:fa": null, "brand:wikipedia:fa": null, "facebook": null, "denomination": null, "delivery": null, "diet:halal": null, "internet_access": null, "reservation": null, "addr:place": null, "internet_access:fee": null, "outdoor_seating": null, "reg_name": null, "loc_name": null, "vending": null, "alt_name": null, "community_centre": null, "description": null, "wikidata": null, "service_times": null, "layer": null, "architect": null, "source": null, "operator:wikidata": null }, "geometry": { "type": "Polygon", "coordinates": [ [ [ 73.447366340138743, 30.809725310310384 ], [ 73.447320897572951, 30.809285281184565 ], [ 73.447225705926513, 30.808851215351361 ], [ 73.447081682560523, 30.808427292932414 ], [ 73.446890215037357, 30.808017596317299 ], [ 73.446653147736768, 30.807626070856145 ], [ 73.446372764076699, 30.807256486873381 ], [ 73.446051764509917, 30.806912403368347 ], [ 73.445693240509357, 30.806597133751417 ], [ 73.445300644792809, 30.806313713945745 ], [ 73.444877758073787, 30.806064873161009 ], [ 73.444428652658885, 30.805853007620286 ], [ 73.443957653241597, 30.805680157492688 ], [ 73.443469295269992, 30.805547987253611 ], [ 73.442968281288387, 30.805457769661238 ], [ 73.442459435672674, 30.805410373503591 ], [ 73.441947658194451, 30.80540625523377 ], [ 73.441437876859979, 30.805445454573956 ], [ 73.440935000477353, 30.805527594130581 ], [ 73.440443871407567, 30.805651883024275 ], [ 73.439969218953422, 30.805817124499953 ], [ 73.439515613834516, 30.806021727444016 ], [ 73.439087424185715, 30.80626372169786 ], [ 73.438688773502307, 30.806540777020984 ], [ 73.438323500936406, 30.806850225520968 ], [ 73.43799512432652, 30.807189087335164 ], [ 73.43770680631647, 30.807554099317141 ], [ 73.437461323889778, 30.807941746451743 ], [ 73.437261041613368, 30.808348295697115 ], [ 73.437107888848743, 30.808769831927776 ], [ 73.437003341150628, 30.809202295632968 ], [ 73.436948406033196, 30.80964152200767 ], [ 73.436943613241681, 30.810083281059747 ], [ 73.436989009624085, 30.810523318347123 ], [ 73.437084158653505, 30.810957395952745 ], [ 73.437228144606564, 30.811381333302553 ], [ 73.437419581358711, 30.811791047433189 ], [ 73.437656625712634, 30.812182592321435 ], [ 73.437936995132276, 30.812552196896252 ], [ 73.438257989712071, 30.81289630136699 ], [ 73.438616518170761, 30.813211591517547 ], [ 73.439009127619244, 30.813495030635707 ], [ 73.439432036816257, 30.813743888769583 ], [ 73.439881172591427, 30.813955769029434 ], [ 73.440352209084509, 30.814128630680461 ], [ 73.440840609422636, 30.814260808804438 ], [ 73.44134166943337, 30.814351030340152 ], [ 73.441850562971936, 30.81439842634807 ], [ 73.442362388425124, 30.814402540380851 ], [ 73.442872215942984, 30.814363332879111 ], [ 73.443375134942627, 30.814281181550054 ], [ 73.443866301425317, 30.814156877725502 ], [ 73.444340984650509, 30.813991618734295 ], [ 73.444794612716066, 30.813786996363159 ], [ 73.445222816605295, 30.813544981517246 ], [ 73.445621472275661, 30.813267905228429 ], [ 73.445986740383447, 30.812958436194808 ], [ 73.446315103261412, 30.812619555068117 ], [ 73.446603398793457, 30.812254525737004 ], [ 73.446848850859894, 30.811866863883271 ], [ 73.44704909606051, 30.811460303114476 ], [ 73.447202206458627, 30.811038758998922 ], [ 73.447306708127613, 30.810606291350389 ], [ 73.447361595322178, 30.810167065125398 ], [ 73.447366340138743, 30.809725310310384 ] ] ] } },
{ "type": "Feature", "properties": { "element": "node", "id": 7397668528, "addr:city": null, "addr:housenumber": null, "addr:postcode": null, "addr:street": null, "amenity": "school", "brand": null, "brand:ar": null, "brand:ur": null, "brand:wikidata": null, "brand:wikipedia": null, "brand:wikipedia:ar": null, "brand:wikipedia:ur": null, "name": null, "name:ar": null, "name:en": null, "name:fa": null, "name:pa": null, "name:pnb": null, "name:sd": null, "name:ur": null, "opening_hours": null, "short_name": null, "short_name:ur": null, "cuisine": null, "operator": null, "religion": null, "building": null, "phone": null, "emergency": null, "email": null, "website": null, "wheelchair": null, "brand:ks": null, "name:ks": null, "brand:en": null, "takeaway": null, "brand:fa": null, "brand:wikipedia:fa": null, "facebook": null, "denomination": null, "delivery": null, "diet:halal": null, "internet_access": null, "reservation": null, "addr:place": null, "internet_access:fee": null, "outdoor_seating": null, "reg_name": null, "loc_name": null, "vending": null, "alt_name": null, "community_centre": null, "description": null, "wikidata": null, "service_times": null, "layer": null, "architect": null, "source": null, "operator:wikidata": null }, "geometry": { "type": "Polygon", "coordinates": [ [ [ 73.446419549842432, 30.809780648094922 ], [ 73.446374111508689, 30.809340618222247 ], [ 73.446278923959952, 30.808906551285535 ], [ 73.446134904517891, 30.808482627417057 ], [ 73.445943440707055, 30.808072929020362 ], [ 73.445706376871541, 30.807681401462744 ], [ 73.445425996395869, 30.807311815088866 ], [ 73.445104999702238, 30.806967728921062 ], [ 73.444746478235899, 30.806652456395391 ], [ 73.444353884690244, 30.806369033462996 ], [ 73.443930999757967, 30.806120189363654 ], [ 73.443481895728439, 30.805908320352366 ], [ 73.443010897281837, 30.805735466631663 ], [ 73.44252253985691, 30.805603292711528 ], [ 73.442021525992715, 30.805513071385551 ], [ 73.441512680064051, 30.805465671477755 ], [ 73.44100090184547, 30.805461549477261 ], [ 73.440491119350412, 30.805500745142211 ], [ 73.43998824139814, 30.805582881114397 ], [ 73.439497110364726, 30.805707166548967 ], [ 73.439022455571873, 30.805872404724106 ], [ 73.438568847761701, 30.806077004557991 ], [ 73.438140655094941, 30.806318995922005 ], [ 73.437742001095913, 30.806596048603417 ], [ 73.437376724948663, 30.806905494735254 ], [ 73.437048344526147, 30.807244354477714 ], [ 73.436760022508892, 30.807609364704273 ], [ 73.43651453591896, 30.80799701041672 ], [ 73.436314249363363, 30.808403558586928 ], [ 73.436161092244802, 30.808825094099721 ], [ 73.436056540159896, 30.809257557451307 ], [ 73.436001600665108, 30.809696783840099 ], [ 73.435996803547752, 30.810138543273837 ], [ 73.436042195697553, 30.810578581306768 ], [ 73.436137340628363, 30.811012660014701 ], [ 73.436281322656285, 30.811436598812975 ], [ 73.436472755694567, 30.811846314724288 ], [ 73.436709796581724, 30.812237861708297 ], [ 73.436990162815079, 30.812607468673786 ], [ 73.43731115451979, 30.812951575807073 ], [ 73.43766968044234, 30.813266868866453 ], [ 73.438062287718026, 30.813550311111644 ], [ 73.438485195126589, 30.813799172560696 ], [ 73.438934329514865, 30.814011056291893 ], [ 73.439405365036009, 30.814183921536991 ], [ 73.439893764826536, 30.814316103343163 ], [ 73.440394824719277, 30.814406328613725 ], [ 73.440903718570624, 30.81445372837312 ], [ 73.44141554476434, 30.814457846137874 ], [ 73.44192537344334, 30.814418642312656 ], [ 73.442428294013567, 30.81433649456925 ], [ 73.44291946246112, 30.814212194204895 ], [ 73.443394148026513, 30.814046938515133 ], [ 73.443847778785056, 30.813842319254849 ], [ 73.444275985694119, 30.813600307299243 ], [ 73.444674644682038, 30.813323233652326 ], [ 73.445039916373105, 30.813013766986796 ], [ 73.445368283065562, 30.812674887931536 ], [ 73.44565658260656, 30.812309860355263 ], [ 73.445902038837744, 30.811922199922897 ], [ 73.446102288318784, 30.811515640228308 ], [ 73.44625540307176, 30.811094096829486 ], [ 73.446359909128105, 30.810661629533293 ], [ 73.446414800700225, 30.810222403292915 ], [ 73.446419549842432, 30.809780648094922 ] ] ] } },
{ "type": "Feature", "properties": { "element": "node", "id": 7397674625, "addr:city": null, "addr:housenumber": null, "addr:postcode": null, "addr:street": null, "amenity": "hospital", "brand": null, "brand:ar": null, "brand:ur": null, "brand:wikidata": null, "brand:wikipedia": null, "brand:wikipedia:ar": null, "brand:wikipedia:ur": null, "name": null, "name:ar": null, "name:en": null, "name:fa": null, "name:pa": null, "name:pnb": null, "name:sd": null, "name:ur": null, "opening_hours": null, "short_name": null, "short_name:ur": null, "cuisine": null, "operator": null, "religion": null, "building": null, "phone": null, "emergency": null, "email": null, "website": null, "wheelchair": null, "brand:ks": null, "name:ks": null, "brand:en": null, "takeaway": null, "brand:fa": null, "brand:wikipedia:fa": null, "facebook": null, "denomination": null, "delivery": null, "diet:halal": null, "internet_access": null, "reservation": null, "addr:place": null, "internet_access:fee": null, "outdoor_seating": null, "reg_name": null, "loc_name": null, "vending": null, "alt_name": null, "community_centre": null, "description": null, "wikidata": null, "service_times": null, "layer": null, "architect": null, "source": null, "operator:wikidata": null }, "geometry": { "type": "Polygon", "coordinates": [ [ [ 73.448715506788517, 30.811137448693913 ], [ 73.448670056602097, 30.810697420771259 ], [ 73.448574856766811, 30.810263356723038 ], [ 73.448430824722678, 30.809839436653693 ], [ 73.448239348115592, 30.809429742930114 ], [ 73.448002271412889, 30.809038220874552 ], [ 73.447721878122991, 30.808668640778642 ], [ 73.447400868791391, 30.808324561604234 ], [ 73.447042334985042, 30.808009296719991 ], [ 73.446649729516125, 30.807725882003471 ], [ 73.446226833192028, 30.807477046615332 ], [ 73.44577771841179, 30.807265186726649 ], [ 73.445306709959041, 30.80709234245213 ], [ 73.444818343368794, 30.806960178210797 ], [ 73.444317321268315, 30.806869966703104 ], [ 73.443808468111641, 30.806822576658497 ], [ 73.443296683742886, 30.806818464471174 ], [ 73.442786896234679, 30.806857669804824 ], [ 73.442284014454515, 30.806939815208167 ], [ 73.441792880815314, 30.807064109745546 ], [ 73.441318224663917, 30.807229356607579 ], [ 73.440864616755505, 30.807433964628782 ], [ 73.440436425251789, 30.807675963601753 ], [ 73.440037773665978, 30.807953023240501 ], [ 73.439672501158867, 30.80826247561108 ], [ 73.439344125568496, 30.808601340813624 ], [ 73.439055809528853, 30.808966355669021 ], [ 73.438810330004586, 30.809354005134491 ], [ 73.438610051534724, 30.809760556145726 ], [ 73.438456903444134, 30.810182093560194 ], [ 73.438352361242636, 30.810614557855764 ], [ 73.438297432391522, 30.811053784221691 ], [ 73.438292646575704, 30.811495542665909 ], [ 73.438338050576064, 30.811935578752163 ], [ 73.438433207792386, 30.812369654574944 ], [ 73.438577202422479, 30.812793589577321 ], [ 73.438768648258218, 30.813203300818518 ], [ 73.439005702014839, 30.813594842303122 ], [ 73.439286081065688, 30.813964442992837 ], [ 73.43960708541249, 30.814308543134388 ], [ 73.439965623679825, 30.814623828553383 ], [ 73.44035824288413, 30.814907262583112 ], [ 73.440781161690126, 30.815156115320729 ], [ 73.441230306834825, 30.815367989928408 ], [ 73.44170135236773, 30.815540845725828 ], [ 73.442189761328819, 30.815673017851104 ], [ 73.442690829462563, 30.815763233300853 ], [ 73.443199730545899, 30.815810623194153 ], [ 73.443711562892872, 30.815814731142538 ], [ 73.444221396587139, 30.815775517645289 ], [ 73.444724320986268, 30.815693360467378 ], [ 73.445215492039509, 30.81556905099697 ], [ 73.445690178962252, 30.815403786617317 ], [ 73.44614380981676, 30.815199159167065 ], [ 73.446572015559511, 30.814957139600303 ], [ 73.446970672130135, 30.814680058994401 ], [ 73.447335940176231, 30.814370586089062 ], [ 73.447664302031242, 30.81403170157332 ], [ 73.447952595588973, 30.813666669368455 ], [ 73.448198044748779, 30.813279005183972 ], [ 73.448398286138499, 30.812872442649862 ], [ 73.448551391858231, 30.812450897351422 ], [ 73.448655888026465, 30.812018429113792 ], [ 73.448710768950932, 30.8115792028992 ], [ 73.448715506788517, 30.811137448693913 ] ] ] } },
{ "type": "Feature", "properties": { "element": "node", "id": 7397674628, "addr:city": null, "addr:housenumber": null, "addr:postcode": null, "addr:street": null, "amenity": "hospital", "brand": null, "brand:ar": null, "brand:ur": null, "brand:wikidata": null, "brand:wikipedia": null, "brand:wikipedia:ar": null, "brand:wikipedia:ur": null, "name": "DHQ Hospital Okara", "name:ar": null, "name:en": null, "name:fa": null, "name:pa": null, "name:pnb": null, "name:sd": null, "name:ur": null, "opening_hours": null, "short_name": null, "short_name:ur": null, "cuisine": null, "operator": null, "religion": null, "building": null, "phone": null, "emergency": null, "email": null, "website": null, "wheelchair": null, "brand:ks": null, "name:ks": null, "brand:en": null, "takeaway": null, "brand:fa": null, "brand:wikipedia:fa": null, "facebook": null, "denomination": null, "delivery": null, "diet:halal": null, "internet_access": null, "reservation": null, "addr:place": null, "internet_access:fee": null, "outdoor_seating": null, "reg_name": null, "loc_name": null, "vending": null, "alt_name": null, "community_centre": null, "description": null, "wikidata": null, "service_times": null, "layer": null, "architect": null, "source": null, "operator:wikidata": null }, "geometry": { "type": "Polygon", "coordinates": [ [ [ 73.448265006608196, 30.812927357478756 ], [ 73.448219556554847, 30.812487329364686 ], [ 73.448124355890073, 30.81205326504239 ], [ 73.447980322061937, 30.811629344618904 ], [ 73.447788842733587, 30.811219650464558 ], [ 73.447551762398575, 30.810828127905737 ], [ 73.447271364600383, 30.81045854723892 ], [ 73.44695034992796, 30.810114467431418 ], [ 73.446591809999703, 30.809799201857984 ], [ 73.446199197686767, 30.809515786402809 ], [ 73.445776293862437, 30.809266950233599 ], [ 73.445327170997984, 30.809055089528979 ], [ 73.444856153954873, 30.808882244411471 ], [ 73.444367778350809, 30.808750079308179 ], [ 73.443866746899829, 30.808659866927854 ], [ 73.443357884145939, 30.808612476008314 ], [ 73.44284609002564, 30.808608362952199 ], [ 73.44233629270542, 30.808647567431546 ], [ 73.441833401147193, 30.80872971200327 ], [ 73.441342257857997, 30.808854005739764 ], [ 73.440867592277527, 30.809019251839317 ], [ 73.440413975251744, 30.809223859143827 ], [ 73.439985775030109, 30.8094658574528 ], [ 73.439587115209761, 30.809742916486663 ], [ 73.439221835030779, 30.810052368317297 ], [ 73.43889345240504, 30.810391233050066 ], [ 73.438605130034333, 30.810756247510408 ], [ 73.438359644944271, 30.811143896659349 ], [ 73.4381593617275, 30.811550447435682 ], [ 73.438006209754676, 30.811971984699156 ], [ 73.437901664573005, 30.812404448929087 ], [ 73.437846733672529, 30.812843675315399 ], [ 73.437841946758013, 30.813285433865843 ], [ 73.43788735062094, 30.813725470143126 ], [ 73.437982508662486, 30.814159546239935 ], [ 73.43812650507256, 30.814583481596706 ], [ 73.438317953625969, 30.814993193269224 ], [ 73.438555011011829, 30.815384735257911 ], [ 73.438835394568585, 30.815754336519607 ], [ 73.439156404254575, 30.81609843729554 ], [ 73.439514948643023, 30.816413723405159 ], [ 73.439907574691389, 30.816697158175096 ], [ 73.440330500998499, 30.81694601169534 ], [ 73.440779654229132, 30.817157887120544 ], [ 73.441250708354843, 30.81733074376244 ], [ 73.441739126332877, 30.817462916751023 ], [ 73.442240203820788, 30.817553133074572 ], [ 73.442749114505375, 30.817600523843705 ], [ 73.443260956608199, 30.817604632661556 ], [ 73.443770800118841, 30.817565420018983 ], [ 73.44427373430031, 30.817483263672749 ], [ 73.444764915007568, 30.81735895500298 ], [ 73.445239611362965, 30.817193691385242 ], [ 73.4456932513379, 30.816989064650855 ], [ 73.446121465800971, 30.816747045747011 ], [ 73.446520130607752, 30.816469965744716 ], [ 73.446885406326558, 30.816160493377893 ], [ 73.447213775216866, 30.815821609330374 ], [ 73.447502075104765, 30.815456577518976 ], [ 73.447747529828646, 30.815068913649466 ], [ 73.447947775962817, 30.814662351348755 ], [ 73.448100885561686, 30.81424080619998 ], [ 73.448205384706441, 30.813808338026817 ], [ 73.44826026767619, 30.813369111790916 ], [ 73.448265006608196, 30.812927357478756 ] ] ] } },
{ "type": "Feature", "properties": { "element": "node", "id": 7397674629, "addr:city": null, "addr:housenumber": null, "addr:postcode": null, "addr:street": null, "amenity": "hospital", "brand": null, "brand:ar": null, "brand:ur": null, "brand:wikidata": null, "brand:wikipedia": null, "brand:wikipedia:ar": null, "brand:wikipedia:ur": null, "name": null, "name:ar": null, "name:en": null, "name:fa": null, "name:pa": null, "name:pnb": null, "name:sd": null, "name:ur": null, "opening_hours": null, "short_name": null, "short_name:ur": null, "cuisine": null, "operator": null, "religion": null, "building": null, "phone": null, "emergency": null, "email": null, "website": null, "wheelchair": null, "brand:ks": null, "name:ks": null, "brand:en": null, "takeaway": null, "brand:fa": null, "brand:wikipedia:fa": null, "facebook": null, "denomination": null, "delivery": null, "diet:halal": null, "internet_access": null, "reservation": null, "addr:place": null, "internet_access:fee": null, "outdoor_seating": null, "reg_name": null, "loc_name": null, "vending": null, "alt_name": null, "community_centre": null, "description": null, "wikidata": null, "service_times": null, "layer": null, "architect": null, "source": null, "operator:wikidata": null }, "geometry": { "type": "Polygon", "coordinates": [ [ [ 73.448270301863033, 30.81098766737836 ], [ 73.448224853854185, 30.810547639088067 ], [ 73.448129656222875, 30.810113574495826 ], [ 73.44798562638789, 30.809689653711288 ], [ 73.447794151973852, 30.809279959108295 ], [ 73.447557077426964, 30.808888436017519 ], [ 73.4472766862349, 30.808518854740623 ], [ 73.446955678922976, 30.808174774250794 ], [ 73.446597147038716, 30.807859507929386 ], [ 73.446204543375771, 30.807576091667805 ], [ 73.445781648724179, 30.807327254641571 ], [ 73.445332535466846, 30.807115393037549 ], [ 73.444861528372797, 30.80694254698696 ], [ 73.444373162963956, 30.806810380925924 ], [ 73.443872141856218, 30.806720167572401 ], [ 73.443363289494044, 30.806672775673619 ], [ 73.442851505713975, 30.806668661641627 ], [ 73.442341718582895, 30.806707865157861 ], [ 73.44183883696472, 30.806790008788532 ], [ 73.441347703270793, 30.806914301615063 ], [ 73.44087304684848, 30.807079546844527 ], [ 73.440419438455564, 30.807284153327167 ], [ 73.439991246258415, 30.807526150870356 ], [ 73.439592593776908, 30.807803209201907 ], [ 73.43922732018045, 30.808112660400447 ], [ 73.43889894331754, 30.808451524577382 ], [ 73.438610625834457, 30.808816538563519 ], [ 73.438365144709707, 30.809204187324404 ], [ 73.438164864497693, 30.80961073780254 ], [ 73.43801171454011, 30.810032274860532 ], [ 73.437907170364696, 30.810464738979693 ], [ 73.437852239451757, 30.81090396535097 ], [ 73.437847451506045, 30.811345723982264 ], [ 73.437892853328975, 30.811785760435537 ], [ 73.437988008341279, 30.812219836801717 ], [ 73.438132000761996, 30.812643772518708 ], [ 73.438323444404276, 30.813053484638818 ], [ 73.438560496004499, 30.813445027158192 ], [ 73.438840872956774, 30.813814629028546 ], [ 73.439161875283034, 30.814158730485293 ], [ 73.439520411627385, 30.814474017341325 ], [ 73.439913029024737, 30.814757452916137 ], [ 73.440335946157248, 30.81500630729197 ], [ 73.440785089778089, 30.815218183615237 ], [ 73.441256133951399, 30.815391041189084 ], [ 73.441744541730287, 30.81552321513453 ], [ 73.442245608870635, 30.815613432430638 ], [ 73.442754509158959, 30.815660824178686 ], [ 73.443266340916935, 30.815664933972364 ], [ 73.443776174233918, 30.815625722293163 ], [ 73.4442790984711, 30.815543566888536 ], [ 73.444770269579308, 30.815419259129566 ], [ 73.445244956773394, 30.815253996382989 ], [ 73.44569858811299, 30.815049370471762 ], [ 73.446126794549912, 30.814807352335109 ], [ 73.44652545201707, 30.814530273036635 ], [ 73.446890721153451, 30.814220801303456 ], [ 73.44721908428194, 30.813881917813287 ], [ 73.447507379284104, 30.813516886477561 ], [ 73.447752830045332, 30.813129222997421 ], [ 73.447953073178098, 30.812722660996034 ], [ 73.44810618076562, 30.812301116053625 ], [ 73.448210678908438, 30.81186864799189 ], [ 73.448265561895226, 30.811429421771358 ], [ 73.448270301863033, 30.81098766737836 ] ] ] } },
{ "type": "Feature", "properties": { "element": "node", "id": 7735557385, "addr:city": null, "addr:housenumber": null, "addr:postcode": null, "addr:street": "Faisalabad okara Road", "amenity": "school", "brand": null, "brand:ar": null, "brand:ur": null, "brand:wikidata": null, "brand:wikipedia": null, "brand:wikipedia:ar": null, "brand:wikipedia:ur": null, "name": "Government High School for Boys Sadar Gogera Okara", "name:ar": null, "name:en": null, "name:fa": null, "name:pa": null, "name:pnb": null, "name:sd": null, "name:ur": null, "opening_hours": "Mo-Sa 08:00-14:00", "short_name": null, "short_name:ur": null, "cuisine": null, "operator": "Punjab School Education Department", "religion": null, "building": null, "phone": "0442662146", "emergency": null, "email": null, "website": null, "wheelchair": null, "brand:ks": null, "name:ks": null, "brand:en": null, "takeaway": null, "brand:fa": null, "brand:wikipedia:fa": null, "facebook": null, "denomination": null, "delivery": null, "diet:halal": null, "internet_access": null, "reservation": null, "addr:place": null, "internet_access:fee": null, "outdoor_seating": null, "reg_name": null, "loc_name": null, "vending": null, "alt_name": null, "community_centre": null, "description": null, "wikidata": null, "service_times": null, "layer": null, "architect": null, "source": null, "operator:wikidata": null }, "geometry": { "type": "Polygon", "coordinates": [ [ [ 73.325220305202407, 30.959397264367436 ], [ 73.325175259722897, 30.95895715305527 ], [ 73.325080374990819, 30.958522965830493 ], [ 73.324936565417772, 30.958098883985443 ], [ 73.324745216513406, 30.957688991446169 ], [ 73.324508171521344, 30.957297235450167 ], [ 73.324227713650487, 30.95692738854202 ], [ 73.323906544073495, 30.956583012252477 ], [ 73.323547755905096, 30.956267422810406 ], [ 73.323154804410606, 30.95598365921726 ], [ 73.322731473732304, 30.955734453991386 ], [ 73.322281840453556, 30.955522206863048 ], [ 73.32181023435146, 30.955348961673426 ], [ 73.321321196715559, 30.955216386699565 ], [ 73.3208194366333, 30.955125758594402 ], [ 73.320309785662403, 30.955077950096474 ], [ 73.319797151326014, 30.95507342162712 ], [ 73.31928646987717, 30.955112216856477 ], [ 73.318782658786731, 30.955193962280671 ], [ 73.318290569411246, 30.955317870814394 ], [ 73.317814940295492, 30.955482749364545 ], [ 73.317360351558705, 30.955687010312143 ], [ 73.316931180802669, 30.955928686792287 ], [ 73.316531560966055, 30.95620545162544 ], [ 73.316165340529977, 30.956514639718019 ], [ 73.315836046457989, 30.956853273716977 ], [ 73.315546850227165, 30.957218092672065 ], [ 73.315300537277551, 30.957605583429668 ], [ 73.315099480174482, 30.958012014456777 ], [ 73.314945615742673, 30.958433471769407 ], [ 73.314840426393047, 30.958865896619884 ], [ 73.314784925822735, 30.95930512458035 ], [ 73.31477964922702, 30.959746925646208 ], [ 73.314824648118488, 30.960187044973257 ], [ 73.314919489804126, 30.960621243856487 ], [ 73.315063261526575, 30.961045340555486 ], [ 73.315254579230796, 30.961455250573401 ], [ 73.315491600872136, 30.961847026001049 ], [ 73.315772044139067, 30.96221689354708 ], [ 73.316093208420128, 30.96256129088766 ], [ 73.316452000804148, 30.962876900984941 ], [ 73.31684496586378, 30.963160684043686 ], [ 73.317268318935447, 30.963409906797494 ], [ 73.317717982575218, 30.963622168842537 ], [ 73.318189625839238, 30.963795425764381 ], [ 73.318678706009848, 30.963928008835108 ], [ 73.319180512365051, 30.964018641090615 ], [ 73.319690211568826, 30.964066449632927 ], [ 73.320202894244517, 30.964070974038943 ], [ 73.320713622281417, 30.964032170794695 ], [ 73.321217476418298, 30.963950413712052 ], [ 73.321709603644365, 30.963826490324376 ], [ 73.322185263960264, 30.96366159429558 ], [ 73.322639876047774, 30.963457313916347 ], [ 73.32306906140775, 30.963215616798312 ], [ 73.323468686540295, 30.962938830914119 ], [ 73.323834902760751, 30.962629622166343 ], [ 73.324164183267598, 30.962290968701787 ], [ 73.324453357105071, 30.96192613221876 ], [ 73.324699639693648, 30.961538626544446 ], [ 73.324900659634793, 30.961132183785121 ], [ 73.325054481531879, 30.96071071837563 ], [ 73.325159624608574, 30.960278289374791 ], [ 73.325215076945994, 30.959839061369962 ], [ 73.325220305202407, 30.959397264367436 ] ] ] } },
{ "type": "Feature", "properties": { "element": "node", "id": 9958700417, "addr:city": null, "addr:housenumber": null, "addr:postcode": "56200", "addr:street": null, "amenity": "school", "brand": null, "brand:ar": null, "brand:ur": null, "brand:wikidata": null, "brand:wikipedia": null, "brand:wikipedia:ar": null, "brand:wikipedia:ur": null, "name": null, "name:ar": null, "name:en": "Primary section GHS Sadar Gogera Okara", "name:fa": null, "name:pa": null, "name:pnb": null, "name:sd": null, "name:ur": null, "opening_hours": "Su-Fr 07:30-13:00", "short_name": null, "short_name:ur": null, "cuisine": null, "operator": null, "religion": null, "building": null, "phone": null, "emergency": null, "email": null, "website": null, "wheelchair": null, "brand:ks": null, "name:ks": null, "brand:en": null, "takeaway": null, "brand:fa": null, "brand:wikipedia:fa": null, "facebook": null, "denomination": null, "delivery": null, "diet:halal": null, "internet_access": null, "reservation": null, "addr:place": null, "internet_access:fee": null, "outdoor_seating": null, "reg_name": null, "loc_name": null, "vending": null, "alt_name": null, "community_centre": null, "description": null, "wikidata": null, "service_times": null, "layer": null, "architect": null, "source": null, "operator:wikidata": null }, "geometry": { "type": "Polygon", "coordinates": [ [ [ 73.331973887919148, 30.959938288820592 ], [ 73.331928811069346, 30.959498182820639 ], [ 73.331833895436546, 30.959064003510388 ], [ 73.331690055729851, 30.958639932105832 ], [ 73.331498677749039, 30.958230052432384 ], [ 73.331261605017616, 30.957838311603513 ], [ 73.330981121011476, 30.957468482017649 ], [ 73.330659927154798, 30.957124125038682 ], [ 73.330301116795894, 30.956808556709447 ], [ 73.32990814541364, 30.9565248158281 ], [ 73.329484797341607, 30.956275634694258 ], [ 73.329035149330508, 30.956063412806227 ], [ 73.328563531299153, 30.955890193762169 ], [ 73.328074484651808, 30.955757645587418 ], [ 73.327572718562536, 30.955667044676964 ], [ 73.327063064646893, 30.955619263507533 ], [ 73.32655043045628, 30.95561476223741 ], [ 73.326039752242337, 30.955653584274945 ], [ 73.325535947444806, 30.955735355858199 ], [ 73.325043867359668, 30.955859289650107 ], [ 73.324568250442368, 30.956024192314388 ], [ 73.324113676694736, 30.956228475999939 ], [ 73.323684523574414, 30.956470173622989 ], [ 73.323284923850395, 30.956746957800416 ], [ 73.322918725810311, 30.957056163252346 ], [ 73.322589456202195, 30.957394812458631 ], [ 73.322300286267762, 30.957759644322461 ], [ 73.322054001193962, 30.958147145565924 ], [ 73.321852973277856, 30.958553584554927 ], [ 73.321699139063256, 30.95897504722868 ], [ 73.321593980670173, 30.959407474787831 ], [ 73.321538511497707, 30.959846702778304 ], [ 73.321533266438806, 30.960288501195027 ], [ 73.321578296702356, 30.960728615219224 ], [ 73.321673169293177, 30.961162806196807 ], [ 73.321816971156267, 30.961586892463369 ], [ 73.322008317946128, 30.961996789622425 ], [ 73.322245367337942, 30.96238854988848 ], [ 73.322525836752718, 30.962758400116186 ], [ 73.322847025327022, 30.963102778148386 ], [ 73.323205839915516, 30.963418367133187 ], [ 73.323598824876825, 30.963702127478644 ], [ 73.324022195355496, 30.963951326137138 ], [ 73.324471873739782, 30.964163562936925 ], [ 73.324943528943649, 30.964336793706781 ], [ 73.3254326181343, 30.964469349970738 ], [ 73.325934430502713, 30.964559955022967 ], [ 73.326444132654927, 30.964607736227553 ], [ 73.326956815185781, 30.964612233424873 ], [ 73.327467539985975, 30.964573403363097 ], [ 73.327971387825485, 30.964491620112522 ], [ 73.328463505754229, 30.964367671458596 ], [ 73.328939153862478, 30.964202751308733 ], [ 73.32939375094972, 30.963998448185976 ], [ 73.329822918661421, 30.963756729921084 ], [ 73.330222523667814, 30.963479924690414 ], [ 73.330588717478307, 30.963170698582925 ], [ 73.330917973507368, 30.962832029912537 ], [ 73.331207121035135, 30.962467180524044 ], [ 73.331453375735748, 30.96207966436884 ], [ 73.331654366479341, 30.961673213654056 ], [ 73.33180815815065, 30.961251742891076 ], [ 73.331913270264579, 30.960819311190168 ], [ 73.331968691200501, 30.96038008316453 ], [ 73.331973887919148, 30.959938288820592 ] ] ] } },
{ "type": "Feature", "properties": { "element": "node", "id": 12242550011, "addr:city": null, "addr:housenumber": null, "addr:postcode": null, "addr:street": null, "amenity": "hospital", "brand": null, "brand:ar": null, "brand:ur": null, "brand:wikidata": null, "brand:wikipedia": null, "brand:wikipedia:ar": null, "brand:wikipedia:ur": null, "name": "DHQ Hospital Okara", "name:ar": null, "name:en": null, "name:fa": null, "name:pa": null, "name:pnb": null, "name:sd": null, "name:ur": null, "opening_hours": null, "short_name": null, "short_name:ur": null, "cuisine": null, "operator": null, "religion": null, "building": null, "phone": null, "emergency": null, "email": null, "website": null, "wheelchair": null, "brand:ks": null, "name:ks": null, "brand:en": null, "takeaway": null, "brand:fa": null, "brand:wikipedia:fa": null, "facebook": null, "denomination": null, "delivery": null, "diet:halal": null, "internet_access": null, "reservation": null, "addr:place": null, "internet_access:fee": null, "outdoor_seating": null, "reg_name": null, "loc_name": null, "vending": null, "alt_name": null, "community_centre": null, "description": null, "wikidata": null, "service_times": null, "layer": null, "architect": null, "source": null, "operator:wikidata": null }, "geometry": { "type": "Polygon", "coordinates": [ [ [ 73.447585087881507, 30.812491087096703 ], [ 73.447539641375258, 30.812051058401927 ], [ 73.447444444403658, 30.811616993219261 ], [ 73.447300414379185, 30.811193071664068 ], [ 73.447108938928352, 30.810783376117602 ], [ 73.446871862507393, 30.810391851919647 ], [ 73.446591468622088, 30.810022269382475 ], [ 73.446270457823715, 30.809678187491443 ], [ 73.44591192169338, 30.809362919641359 ], [ 73.445519313065702, 30.809079501738349 ], [ 73.445096412778483, 30.808830662973708 ], [ 73.444647293268943, 30.80861879955102 ], [ 73.444176279366275, 30.808445951619024 ], [ 73.443687906657956, 30.808313783631903 ], [ 73.443186877830172, 30.808223568326166 ], [ 73.442678017401676, 30.8081761744678 ], [ 73.442166225286613, 30.808172058487738 ], [ 73.441656429632147, 30.808211260086154 ], [ 73.44115353938416, 30.808293401847695 ], [ 73.440662397037102, 30.808417692871807 ], [ 73.440187732021585, 30.808582936382901 ], [ 73.439734115178098, 30.808787541247789 ], [ 73.439305914754399, 30.809029537289412 ], [ 73.438907254349488, 30.80930659425006 ], [ 73.438541973209098, 30.809616044221606 ], [ 73.438213589254332, 30.809954907327242 ], [ 73.437925265199766, 30.810319920408123 ], [ 73.437679778087187, 30.81070756843857 ], [ 73.437479492528723, 30.811114118368103 ], [ 73.437326337917526, 30.81153565506467 ], [ 73.437221789826197, 30.811968119013031 ], [ 73.437166855772801, 30.812407345405859 ], [ 73.437162065492416, 30.812849104250819 ], [ 73.437207465808939, 30.813289141107841 ], [ 73.437302620157681, 30.813723218064013 ], [ 73.437446612764134, 30.814147154551502 ], [ 73.437638057439727, 30.814556867615245 ], [ 73.437875110910895, 30.814948411242263 ], [ 73.438155490553839, 30.815318014373634 ], [ 73.438476496364572, 30.815662117232588 ], [ 73.438835036953648, 30.815977405618519 ], [ 73.439227659315179, 30.816260842836133 ], [ 73.439650582083488, 30.816509698951876 ], [ 73.440099731957474, 30.816721577095358 ], [ 73.440570782941023, 30.816894436552172 ], [ 73.441059198021676, 30.817026612425192 ], [ 73.441560272884928, 30.817116831674891 ], [ 73.442069181242857, 30.817164225383713 ], [ 73.442581021339436, 30.81716833712645 ], [ 73.443090863183642, 30.817129127365803 ], [ 73.443593796054458, 30.817046973830745 ], [ 73.44408497581955, 30.816922667874337 ], [ 73.444559671610307, 30.816757406845962 ], [ 73.445013311403571, 30.81655278255203 ], [ 73.445441526069644, 30.816310765916185 ], [ 73.44584019146221, 30.81603368798762 ], [ 73.44620546814383, 30.815724217480245 ], [ 73.446533838364772, 30.815385335059993 ], [ 73.44682213993822, 30.815020304628014 ], [ 73.447067596686367, 30.814632641876766 ], [ 73.44726784516395, 30.814226080422422 ], [ 73.447420957402812, 30.813804535839957 ], [ 73.447525459458674, 30.813372067947626 ], [ 73.447580345582637, 30.81293284170436 ], [ 73.447585087881507, 30.812491087096703 ] ] ] } },
{ "type": "Feature", "properties": { "element": "node", "id": 12242550012, "addr:city": null, "addr:housenumber": null, "addr:postcode": null, "addr:street": null, "amenity": "hospital", "brand": null, "brand:ar": null, "brand:ur": null, "brand:wikidata": null, "brand:wikipedia": null, "brand:wikipedia:ar": null, "brand:wikipedia:ur": null, "name": "DHQ Hospital Okara", "name:ar": null, "name:en": null, "name:fa": null, "name:pa": null, "name:pnb": null, "name:sd": null, "name:ur": null, "opening_hours": null, "short_name": null, "short_name:ur": null, "cuisine": null, "operator": null, "religion": null, "building": null, "phone": null, "emergency": null, "email": null, "website": null, "wheelchair": null, "brand:ks": null, "name:ks": null, "brand:en": null, "takeaway": null, "brand:fa": null, "brand:wikipedia:fa": null, "facebook": null, "denomination": null, "delivery": null, "diet:halal": null, "internet_access": null, "reservation": null, "addr:place": null, "internet_access:fee": null, "outdoor_seating": null, "reg_name": null, "loc_name": null, "vending": null, "alt_name": null, "community_centre": null, "description": null, "wikidata": null, "service_times": null, "layer": null, "architect": null, "source": null, "operator:wikidata": null }, "geometry": { "type": "Polygon", "coordinates": [ [ [ 73.447930151294088, 30.811858676516515 ], [ 73.447884703898154, 30.811418648037012 ], [ 73.447789506397797, 30.810984583169422 ], [ 73.447645476210582, 30.810560662026056 ], [ 73.447454000964569, 30.810150966984192 ], [ 73.447216925113977, 30.809759443378756 ], [ 73.446936532159086, 30.80938986151633 ], [ 73.44661552264219, 30.809045780375751 ], [ 73.446256988132063, 30.808730513344639 ], [ 73.445864381447649, 30.808447096321217 ], [ 73.445441483408104, 30.808198258488314 ], [ 73.444992366428963, 30.807986396040576 ], [ 73.444521355315047, 30.807813549117331 ], [ 73.444032985627018, 30.807681382163079 ], [ 73.443531960021943, 30.807591167904384 ], [ 73.443023102987596, 30.807543775097166 ], [ 73.442511314405436, 30.807539660162242 ], [ 73.442001522388622, 30.8075788627897 ], [ 73.441498635848035, 30.807661005554341 ], [ 73.441007497242452, 30.807785297545895 ], [ 73.440532835966451, 30.80795054197948 ], [ 73.440079222824551, 30.80815514771302 ], [ 73.439651026028869, 30.80839714456113 ], [ 73.439252369143489, 30.808674202258274 ], [ 73.438887091380266, 30.808983652889218 ], [ 73.438558710627788, 30.809322516570866 ], [ 73.438270389569794, 30.809687530138756 ], [ 73.438024905219237, 30.810075178562517 ], [ 73.437824622161571, 30.810481728787895 ], [ 73.437671469765903, 30.810903265679958 ], [ 73.437566923583518, 30.811335729721591 ], [ 73.437511991114022, 30.811774956104543 ], [ 73.437507202077228, 30.812216714836588 ], [ 73.43755260328507, 30.812656751478709 ], [ 73.437647758164232, 30.813090828120057 ], [ 73.437791750935077, 30.813514764195855 ], [ 73.437983195407384, 30.813924476754973 ], [ 73.438220248309619, 30.814316019789324 ], [ 73.43850062702333, 30.814685622245676 ], [ 73.438821631553537, 30.815029724353757 ], [ 73.439180170523116, 30.815345011920204 ], [ 73.439572790941696, 30.815628448257637 ], [ 73.439995711462373, 30.815877303440971 ], [ 73.440444858805662, 30.816089180608824 ], [ 73.440915906999848, 30.81626203905617 ], [ 73.44140431905933, 30.816394213895638 ], [ 73.441905390698693, 30.816484432097635 ], [ 73.442414295661123, 30.816531824754712 ], [ 73.442926132223263, 30.816535935451842 ], [ 73.443435970428183, 30.816496724661743 ], [ 73.443938899589952, 30.816414570123356 ], [ 73.444430075611933, 30.81629026319937 ], [ 73.444904767661612, 30.816125001248508 ], [ 73.445358403751897, 30.815920376086058 ], [ 73.445786614788744, 30.815678358644043 ], [ 73.446185276660799, 30.815401279979387 ], [ 73.446550549964599, 30.81509180881309 ], [ 73.446878916982897, 30.814752925817448 ], [ 73.447167215559745, 30.814387894899113 ], [ 73.447412669546182, 30.814000231755241 ], [ 73.44761291552355, 30.813593670005766 ], [ 73.447766025547779, 30.813172125228498 ], [ 73.447870525695862, 30.812739657243547 ], [ 73.447925410237289, 30.812300431010733 ], [ 73.447930151294088, 30.811858676516515 ] ] ] } },
{ "type": "Feature", "properties": { "element": "way", "id": 547938351, "addr:city": "موضع اکبر", "addr:housenumber": null, "addr:postcode": "56300", "addr:street": "Main Bazaar", "amenity": "school", "brand": null, "brand:ar": null, "brand:ur": null, "brand:wikidata": null, "brand:wikipedia": null, "brand:wikipedia:ar": null, "brand:wikipedia:ur": null, "name": "Government School", "name:ar": "مدرسة حكومية", "name:en": null, "name:fa": null, "name:pa": null, "name:pnb": null, "name:sd": null, "name:ur": null, "opening_hours": null, "short_name": null, "short_name:ur": null, "cuisine": null, "operator": "Headmister", "religion": null, "building": null, "phone": null, "emergency": null, "email": null, "website": null, "wheelchair": "yes", "brand:ks": null, "name:ks": null, "brand:en": null, "takeaway": null, "brand:fa": null, "brand:wikipedia:fa": null, "facebook": null, "denomination": null, "delivery": null, "diet:halal": null, "internet_access": null, "reservation": null, "addr:place": null, "internet_access:fee": null, "outdoor_seating": null, "reg_name": null, "loc_name": null, "vending": null, "alt_name": null, "community_centre": null, "description": null, "wikidata": null, "service_times": null, "layer": null, "architect": null, "source": null, "operator:wikidata": null }, "geometry": { "type": "Polygon", "coordinates": [ [ [ 73.294960585708836, 30.900078088197986 ], [ 73.294915740068788, 30.899637947908335 ], [ 73.294821082264292, 30.89920371733994 ], [ 73.294677524519955, 30.898779578203364 ], [ 73.294486449919049, 30.898369614977316 ], [ 73.294249699062732, 30.897977775580902 ], [ 73.293969552326885, 30.897607833362809 ], [ 73.293648707887897, 30.89726335077254 ], [ 73.293290255729715, 30.896947645063459 ], [ 73.292897647882697, 30.896663756357444 ], [ 73.292474665180904, 30.896414418378299 ], [ 73.292025380858163, 30.896202032135147 ], [ 73.291554121332865, 30.896028642809171 ], [ 73.291065424558909, 30.895895920065598 ], [ 73.290563996343238, 30.895805141980365 ], [ 73.290054665049809, 30.895757182736048 ], [ 73.289542335125219, 30.89575250420538 ], [ 73.289031939892894, 30.89579115150304 ], [ 73.288528394069104, 30.895872752549096 ], [ 73.288036546457192, 30.895996521647895 ], [ 73.287561133274821, 30.896161267048281 ], [ 73.287106732562378, 30.896365402412673 ], [ 73.286677720111257, 30.896606962084721 ], [ 73.28627822733543, 30.896883620008943 ], [ 73.285912101491832, 30.897192712120567 ], [ 73.285582868632105, 30.897531261990217 ], [ 73.285293699642452, 30.897896009477282 ], [ 73.285047379698952, 30.898283442116075 ], [ 73.284846281432351, 30.898689828932998 ], [ 73.284692342061703, 30.8991112563698 ], [ 73.284587044717441, 30.899543665966668 ], [ 73.284531404134484, 30.899982893442921 ], [ 73.284525956854381, 30.900424708799044 ], [ 73.284570756031428, 30.900864857053854 ], [ 73.284665370894189, 30.90129909922441 ], [ 73.284808890868234, 30.901723253154294 ], [ 73.284999934321817, 30.90213323379632 ], [ 73.285236661850746, 30.902525092562058 ], [ 73.285516793975603, 30.902895055358492 ], [ 73.285837633081485, 30.903239558945295 ], [ 73.286196089389364, 30.903555285262229 ], [ 73.286588710709466, 30.903839193395459 ], [ 73.287011715689928, 30.904088548874618 ], [ 73.287461030240792, 30.904300950018037 ], [ 73.287932326782013, 30.904474351071958 ], [ 73.288421065937158, 30.904607081920435 ], [ 73.288922540270619, 30.904697864176068 ], [ 73.289431919646177, 30.904745823496015 ], [ 73.289944297769452, 30.904750498004645 ], [ 73.290454739464749, 30.904711842741836 ], [ 73.290958328230303, 30.904630230093602 ], [ 73.291450213612492, 30.904506446201484 ], [ 73.291925657942187, 30.904341683385145 ], [ 73.292380081982017, 30.904137528651415 ], [ 73.292809109044143, 30.903895948401033 ], [ 73.293208607153076, 30.90361926948027 ], [ 73.293574728846963, 30.903310156760789 ], [ 73.293903948233606, 30.902971587463931 ], [ 73.294193094944575, 30.902606822476848 ], [ 73.294439384659981, 30.902219374937793 ], [ 73.294640445910673, 30.901812976392929 ], [ 73.294794342900119, 30.901391540851222 ], [ 73.294899594126576, 30.900959127083954 ], [ 73.294955186627405, 30.900519899532075 ], [ 73.294960585708836, 30.900078088197986 ] ] ] } },
{ "type": "Feature", "properties": { "element": "way", "id": 548042474, "addr:city": "Chak No 43 G/D", "addr:housenumber": null, "addr:postcode": "56300", "addr:street": null, "amenity": "school", "brand": null, "brand:ar": null, "brand:ur": null, "brand:wikidata": null, "brand:wikipedia": null, "brand:wikipedia:ar": null, "brand:wikipedia:ur": null, "name": "Government School", "name:ar": null, "name:en": null, "name:fa": null, "name:pa": null, "name:pnb": null, "name:sd": null, "name:ur": null, "opening_hours": null, "short_name": null, "short_name:ur": null, "cuisine": null, "operator": null, "religion": null, "building": null, "phone": null, "emergency": null, "email": null, "website": null, "wheelchair": null, "brand:ks": null, "name:ks": null, "brand:en": null, "takeaway": null, "brand:fa": null, "brand:wikipedia:fa": null, "facebook": null, "denomination": null, "delivery": null, "diet:halal": null, "internet_access": null, "reservation": null, "addr:place": null, "internet_access:fee": null, "outdoor_seating": null, "reg_name": null, "loc_name": null, "vending": null, "alt_name": null, "community_centre": null, "description": null, "wikidata": null, "service_times": null, "layer": null, "architect": null, "source": null, "operator:wikidata": null }, "geometry": { "type": "Polygon", "coordinates": [ [ [ 73.333163411914981, 30.854936648219457 ], [ 73.333118439726604, 30.854496533434986 ], [ 73.333023682678657, 30.854062340753313 ], [ 73.332880053949651, 30.853638251519623 ], [ 73.332688937304553, 30.853228349731634 ], [ 73.332452173747541, 30.852836582716623 ], [ 73.332172043775017, 30.85246672312622 ], [ 73.331851245400287, 30.852122332614346 ], [ 73.331492868162343, 30.851806727547938 ], [ 73.331100363368876, 30.85152294708022 ], [ 73.330677510860752, 30.851273723893208 ], [ 73.33022838261752, 30.851061457891326 ], [ 73.32975730355443, 30.850888193098672 ], [ 73.329268809887765, 30.850755597982026 ], [ 73.328767605469153, 30.850664949389159 ], [ 73.328258516508285, 30.85061712025653 ], [ 73.327746445119317, 30.850612571204636 ], [ 73.327236322137395, 30.850651346102037 ], [ 73.326733059658636, 30.850733071640594 ], [ 73.326241503759519, 30.85085696092623 ], [ 73.325766387850237, 30.851021821050686 ], [ 73.325312287110222, 30.851226064571719 ], [ 73.324883574443703, 30.85146772479138 ], [ 73.324484378379211, 30.85174447468566 ], [ 73.324118543317567, 30.852053649303656 ], [ 73.323789592511119, 30.85239227142096 ], [ 73.323500694130516, 30.852757080200472 ], [ 73.323254630746121, 30.85314456258541 ], [ 73.323053772517937, 30.853550987122286 ], [ 73.322900054352957, 30.853972439888615 ], [ 73.322794957250565, 30.854404862179685 ], [ 73.322739494016204, 30.854844089591673 ], [ 73.322734199482142, 30.855285892124829 ], [ 73.322779125330058, 30.855726014920617 ], [ 73.322873839566839, 30.856160219240675 ], [ 73.323017430659164, 30.856584323292548 ], [ 73.323208516288432, 30.856994242509067 ], [ 73.323445256642401, 30.857386028893174 ], [ 73.323725372116314, 30.857755909048919 ], [ 73.324046165254032, 30.858100320532046 ], [ 73.324404546717886, 30.858415946169707 ], [ 73.324797065037714, 30.858699746018161 ], [ 73.325219939852886, 30.858948986650574 ], [ 73.325669098326571, 30.859161267492095 ], [ 73.326140214381809, 30.859334543948385 ], [ 73.326628750380721, 30.859467147104414 ], [ 73.327130000844846, 30.859557799803461 ], [ 73.327639137795032, 30.859605628951257 ], [ 73.328151257272907, 30.859610173926754 ], [ 73.328661426595275, 30.859571391018033 ], [ 73.3291647318852, 30.859489653841095 ], [ 73.329656325420999, 30.859365749737279 ], [ 73.33013147234611, 30.859200872184282 ], [ 73.330585596289197, 30.858996609294149 ], [ 73.331014323454326, 30.858754928509153 ], [ 73.331413524755789, 30.858478157643621 ], [ 73.331779355591536, 30.858168962454361 ], [ 73.332108292871624, 30.857830320956339 ], [ 73.332397168945178, 30.857465494731418 ], [ 73.332643202099106, 30.857077997506828 ], [ 73.332844023335156, 30.856671561306324 ], [ 73.332997699167905, 30.85625010050062 ], [ 73.333102750224768, 30.855817674103371 ], [ 73.333158165469811, 30.855378446676198 ], [ 73.333163411914981, 30.854936648219457 ] ] ] } },
{ "type": "Feature", "properties": { "element": "way", "id": 560946829, "addr:city": null, "addr:housenumber": null, "addr:postcode": null, "addr:street": null, "amenity": "kindergarten", "brand": null, "brand:ar": null, "brand:ur": null, "brand:wikidata": null, "brand:wikipedia": null, "brand:wikipedia:ar": null, "brand:wikipedia:ur": null, "name": null, "name:ar": null, "name:en": null, "name:fa": null, "name:pa": null, "name:pnb": null, "name:sd": null, "name:ur": null, "opening_hours": null, "short_name": null, "short_name:ur": null, "cuisine": null, "operator": null, "religion": null, "building": null, "phone": null, "emergency": null, "email": null, "website": null, "wheelchair": null, "brand:ks": null, "name:ks": null, "brand:en": null, "takeaway": null, "brand:fa": null, "brand:wikipedia:fa": null, "facebook": null, "denomination": null, "delivery": null, "diet:halal": null, "internet_access": null, "reservation": null, "addr:place": null, "internet_access:fee": null, "outdoor_seating": null, "reg_name": null, "loc_name": null, "vending": null, "alt_name": null, "community_centre": null, "description": null, "wikidata": null, "service_times": null, "layer": null, "architect": null, "source": null, "operator:wikidata": null }, "geometry": { "type": "Polygon", "coordinates": [ [ [ 73.390720118107893, 30.88898427564245 ], [ 73.39067484850878, 30.888544209088085 ], [ 73.390579783028514, 30.888110088179676 ], [ 73.390435837816355, 30.887686093569982 ], [ 73.390244399685116, 30.887276308344266 ], [ 73.390007312734667, 30.886884678706185 ], [ 73.389726860575038, 30.886514975983339 ], [ 73.389405744321209, 30.886170760318176 ], [ 73.389047056572011, 30.885855346393171 ], [ 73.388654251623805, 30.885571771520304 ], [ 73.388231112206185, 30.88532276640154 ], [ 73.38778171305978, 30.885110728841227 ], [ 73.387310381706683, 30.884937700663727 ], [ 73.386821656790843, 30.884805348057697 ], [ 73.386320244389069, 30.884714945536128 ], [ 73.385810972712306, 30.884667363666562 ], [ 73.385298745632923, 30.884663060689306 ], [ 73.384788495484358, 30.884702078104212 ], [ 73.384285135586595, 30.884784040268791 ], [ 73.383793512953972, 30.884908158011335 ], [ 73.383318361639382, 30.885073236224596 ], [ 73.382864257163618, 30.885277685367083 ], [ 73.382435572467756, 30.885519536761542 ], [ 73.382036435812125, 30.885796461543684 ], [ 73.381670691026869, 30.886105793078944 ], [ 73.381341860496647, 30.886444552632067 ], [ 73.381053111235758, 30.88680947804253 ], [ 73.380807224380447, 30.887197055130269 ], [ 73.380606568392722, 30.887603551529395 ], [ 73.380453076233962, 30.888025052624837 ], [ 73.380348226728842, 30.888457499245707 ], [ 73.380293030300052, 30.888896726752932 ], [ 73.380288019211775, 30.889338505144792 ], [ 73.380333242417123, 30.889778579794125 ], [ 73.380428265060033, 30.890212712425019 ], [ 73.380572172637429, 30.890636721934218 ], [ 73.380763579782752, 30.891046524663857 ], [ 73.381000643586958, 30.891438173737651 ], [ 73.381281081329504, 30.891807897081073 ], [ 73.381602192449421, 30.892152133759236 ], [ 73.381960884545194, 30.892467568282157 ], [ 73.382353703153427, 30.892751162546269 ], [ 73.382776865019551, 30.893000185104459 ], [ 73.383226294540307, 30.893212237482135 ], [ 73.383697663026282, 30.893385277285542 ], [ 73.384186430406544, 30.893517637879249 ], [ 73.384687888972422, 30.893608044443301 ], [ 73.385197208738887, 30.893655626254791 ], [ 73.385709483985508, 30.89365992507566 ], [ 73.386219780527838, 30.893620899565764 ], [ 73.386723183262973, 30.893538925678712 ], [ 73.387214843530387, 30.893414793036673 ], [ 73.387690025830864, 30.893249697319487 ], [ 73.388144153452856, 30.893045228741293 ], [ 73.388572852565829, 30.892803356726258 ], [ 73.388971994355359, 30.892526410931119 ], [ 73.38933773479404, 30.892217058797947 ], [ 73.389666551664234, 30.891878279853561 ], [ 73.38995527847662, 30.891513337003691 ], [ 73.390201134957593, 30.891125745098584 ], [ 73.390401753812426, 30.890719237073544 ], [ 73.390555203506764, 30.890297727990429 ], [ 73.390660006847796, 30.889865277327079 ], [ 73.390715155186882, 30.88942604987793 ], [ 73.390720118107893, 30.88898427564245 ] ] ] } },
{ "type": "Feature", "properties": { "element": "way", "id": 791185685, "addr:city": "Okara", "addr:housenumber": "Chak 24/2.r", "addr:postcode": "56300", "addr:street": "Road 24/2.r", "amenity": "school", "brand": null, "brand:ar": null, "brand:ur": null, "brand:wikidata": null, "brand:wikipedia": null, "brand:wikipedia:ar": null, "brand:wikipedia:ur": null, "name": "Govt Boys school 24/2.r", "name:ar": null, "name:en": null, "name:fa": null, "name:pa": null, "name:pnb": null, "name:sd": null, "name:ur": null, "opening_hours": null, "short_name": null, "short_name:ur": null, "cuisine": null, "operator": "Govt Of Pakistan", "religion": null, "building": null, "phone": null, "emergency": null, "email": null, "website": null, "wheelchair": null, "brand:ks": null, "name:ks": null, "brand:en": null, "takeaway": null, "brand:fa": null, "brand:wikipedia:fa": null, "facebook": null, "denomination": null, "delivery": null, "diet:halal": null, "internet_access": null, "reservation": null, "addr:place": null, "internet_access:fee": null, "outdoor_seating": null, "reg_name": null, "loc_name": null, "vending": null, "alt_name": null, "community_centre": null, "description": "Govt Boys School 24/2.r", "wikidata": null, "service_times": null, "layer": null, "architect": "TMA Okara", "source": null, "operator:wikidata": null }, "geometry": { "type": "Polygon", "coordinates": [ [ [ 73.526076310466124, 30.856223035933713 ], [ 73.526030460946686, 30.855783074092166 ], [ 73.525934847509504, 30.855349107749745 ], [ 73.52579039157834, 30.854925316068318 ], [ 73.525598484881272, 30.854515780176779 ], [ 73.525360976027017, 30.854124443875921 ], [ 73.525080152684723, 30.853755075667173 ], [ 73.524758719539975, 30.853411232470716 ], [ 73.524399772239235, 30.853096225381858 ], [ 73.524006767574534, 30.852813087794932 ], [ 73.523583490195151, 30.852564546201485 ], [ 73.523134016167205, 30.852352993943327 ], [ 73.522662673731247, 30.852180468172964 ], [ 73.522174001636088, 30.852048630242791 ], [ 73.521672705448637, 30.851958749711688 ], [ 73.521163612260224, 30.851911692122854 ], [ 73.520651624224769, 30.851907910670231 ], [ 73.520141671374773, 30.851947441833836 ], [ 73.519638664169108, 30.852029905026118 ], [ 73.519147446228132, 30.852154506252553 ], [ 73.518672747710582, 30.852320045751743 ], [ 73.518219139780271, 30.852524929541406 ], [ 73.51779099060029, 30.8527671847596 ], [ 73.517392423277784, 30.853044478653615 ], [ 73.517027276164058, 30.853354141034302 ], [ 73.516699065891871, 30.853693189979772 ], [ 73.516410953505741, 30.854058360541583 ], [ 73.516165714011692, 30.854446136177273 ], [ 73.515965709639886, 30.854852782606986 ], [ 73.515812867078239, 30.855274383768556 ], [ 73.515708658896642, 30.855706879524906 ], [ 73.515654089341865, 30.856146104761063 ], [ 73.515649684640522, 30.856587829494423 ], [ 73.515695487904637, 30.857027799611835 ], [ 73.515791058689857, 30.857461777841511 ], [ 73.515935477211542, 30.857885584564759 ], [ 73.516127353179243, 30.858295138074624 ], [ 73.516364839165178, 30.858686493893284 ], [ 73.516645648378955, 30.85905588276923 ], [ 73.516967076678, 30.859399746988039 ], [ 73.517326028602014, 30.859714774646552 ], [ 73.51771904718133, 30.859997931559946 ], [ 73.518142347231915, 30.860246490493967 ], [ 73.518591851816467, 30.860458057440411 ], [ 73.519063231520093, 30.86063059468232 ], [ 73.51955194616184, 30.860762440426445 ], [ 73.520053288539756, 30.860852324813624 ], [ 73.520562429787418, 30.860899382152475 ], [ 73.521074465904036, 30.860903159258665 ], [ 73.521584465009383, 30.860863619819192 ], [ 73.52208751486701, 30.860781144739651 ], [ 73.52257877021745, 30.860656528471392 ], [ 73.523053499464368, 30.86049097135388 ], [ 73.523507130263013, 30.86028606804641 ], [ 73.523935293571498, 30.860043792161036 ], [ 73.524333865739735, 30.859766477244658 ], [ 73.524699008230172, 30.85945679429431 ], [ 73.525027204587744, 30.859117726022369 ], [ 73.525315294302644, 30.858752538120008 ], [ 73.525560503240115, 30.858364747796021 ], [ 73.525760470344238, 30.857958089894758 ], [ 73.525913270359297, 30.857536480919237 ], [ 73.526017432350443, 30.85710398130681 ], [ 73.526071953845943, 30.856664756320626 ], [ 73.526076310466124, 30.856223035933713 ] ] ] } },
{ "type": "Feature", "properties": { "element": "way", "id": 791207199, "addr:city": null, "addr:housenumber": null, "addr:postcode": null, "addr:street": "Road 24/2.r", "amenity": "school", "brand": null, "brand:ar": null, "brand:ur": null, "brand:wikidata": null, "brand:wikipedia": null, "brand:wikipedia:ar": null, "brand:wikipedia:ur": null, "name": "Govt Girl High School 24/2.r", "name:ar": null, "name:en": null, "name:fa": null, "name:pa": null, "name:pnb": null, "name:sd": null, "name:ur": null, "opening_hours": null, "short_name": null, "short_name:ur": null, "cuisine": null, "operator": null, "religion": null, "building": null, "phone": null, "emergency": null, "email": null, "website": null, "wheelchair": null, "brand:ks": null, "name:ks": null, "brand:en": null, "takeaway": null, "brand:fa": null, "brand:wikipedia:fa": null, "facebook": null, "denomination": null, "delivery": null, "diet:halal": null, "internet_access": null, "reservation": null, "addr:place": null, "internet_access:fee": null, "outdoor_seating": null, "reg_name": null, "loc_name": null, "vending": null, "alt_name": null, "community_centre": null, "description": null, "wikidata": null, "service_times": null, "layer": null, "architect": "TMA Okara", "source": null, "operator:wikidata": null }, "geometry": { "type": "Polygon", "coordinates": [ [ [ 73.526401798195224, 30.857033442396148 ], [ 73.526355946321473, 30.856593480892446 ], [ 73.526260330153207, 30.856159515052241 ], [ 73.526115871140462, 30.855735724032531 ], [ 73.525923961041045, 30.85532618895585 ], [ 73.525686448496444, 30.854934853615099 ], [ 73.525405621211334, 30.854565486502477 ], [ 73.5250841839093, 30.854221644527613 ], [ 73.524725232276822, 30.853906638773985 ], [ 73.524332223147638, 30.853623502623105 ], [ 73.523908941214032, 30.853374962552671 ], [ 73.52345946258589, 30.853163411889817 ], [ 73.522988115548131, 30.852990887771675 ], [ 73.522499438893803, 30.852859051534733 ], [ 73.521998138233684, 30.852769172721572 ], [ 73.521489040702193, 30.852722116858843 ], [ 73.520977048495027, 30.852718337123846 ], [ 73.520467091684822, 30.852757869980106 ], [ 73.519964080768574, 30.852840334823746 ], [ 73.51947285940237, 30.852964937644355 ], [ 73.518998157777887, 30.853130478665186 ], [ 73.518544547088894, 30.853335363889343 ], [ 73.518116395524984, 30.853577620441037 ], [ 73.517717826216284, 30.85385491555477 ], [ 73.517352677533253, 30.854164579029632 ], [ 73.517024466123758, 30.854503628933223 ], [ 73.516736353043257, 30.854868800307845 ], [ 73.516491113304525, 30.855256576603246 ], [ 73.516291109140113, 30.85566322353322 ], [ 73.516138267235903, 30.856084825030777 ], [ 73.516034060155548, 30.8565173209556 ], [ 73.515979492135202, 30.85695654619111 ], [ 73.515975089386743, 30.857398270754679 ], [ 73.516020895003422, 30.857838240534807 ], [ 73.516116468518234, 30.858272218262933 ], [ 73.516260890120321, 30.858696024325173 ], [ 73.516452769489533, 30.859105577020962 ], [ 73.516690259165358, 30.859496931880283 ], [ 73.516971072321866, 30.85986631966087 ], [ 73.517292504778538, 30.860210182658822 ], [ 73.51765146103503, 30.86052520898274 ], [ 73.518044484079923, 30.860808364460627 ], [ 73.518467788686166, 30.861056921872063 ], [ 73.518917297872562, 30.861268487223487 ], [ 73.519388682179866, 30.861441022813317 ], [ 73.519877401382772, 30.861572866864208 ], [ 73.520378748235402, 30.861662749533284 ], [ 73.52088789382816, 30.861709805145722 ], [ 73.521399934118406, 30.861713580533841 ], [ 73.521909937185683, 30.861674039401155 ], [ 73.522412990755384, 30.861591562669613 ], [ 73.522904249532246, 30.861466944806448 ], [ 73.523378981886921, 30.861301386166506 ], [ 73.523832615444718, 30.861096481423786 ], [ 73.524260781137201, 30.860854204204124 ], [ 73.524659355291277, 30.860576888067317 ], [ 73.525024499350295, 30.860267204022158 ], [ 73.525352696844081, 30.859928134791566 ], [ 73.525640787251959, 30.85956294607594 ], [ 73.525885996432436, 30.859175155091954 ], [ 73.526085963327318, 30.858768496690296 ], [ 73.526238762682937, 30.858346887378804 ], [ 73.52634292357078, 30.857914387598072 ], [ 73.526397443529845, 30.857475162612847 ], [ 73.526401798195224, 30.857033442396148 ] ] ] } },
{ "type": "Feature", "properties": { "element": "way", "id": 953861343, "addr:city": null, "addr:housenumber": null, "addr:postcode": null, "addr:street": null, "amenity": "school", "brand": null, "brand:ar": null, "brand:ur": null, "brand:wikidata": null, "brand:wikipedia": null, "brand:wikipedia:ar": null, "brand:wikipedia:ur": null, "name": "Government Girls School", "name:ar": null, "name:en": null, "name:fa": null, "name:pa": null, "name:pnb": null, "name:sd": null, "name:ur": null, "opening_hours": null, "short_name": null, "short_name:ur": null, "cuisine": null, "operator": null, "religion": null, "building": null, "phone": null, "emergency": null, "email": null, "website": null, "wheelchair": null, "brand:ks": null, "name:ks": null, "brand:en": null, "takeaway": null, "brand:fa": null, "brand:wikipedia:fa": null, "facebook": null, "denomination": null, "delivery": null, "diet:halal": null, "internet_access": null, "reservation": null, "addr:place": null, "internet_access:fee": null, "outdoor_seating": null, "reg_name": null, "loc_name": null, "vending": null, "alt_name": null, "community_centre": null, "description": null, "wikidata": null, "service_times": null, "layer": null, "architect": null, "source": null, "operator:wikidata": null }, "geometry": { "type": "Polygon", "coordinates": [ [ [ 73.832377247213174, 30.744001384201937 ], [ 73.832330135317036, 30.743561664620366 ], [ 73.832233352002277, 30.74312805081383 ], [ 73.832087829951959, 30.742704718543923 ], [ 73.831894971153062, 30.742295744510773 ], [ 73.83165663337428, 30.74190506710077 ], [ 73.831375112258058, 30.741536448467567 ], [ 73.831053119200078, 30.741193438311502 ], [ 73.830693755229518, 30.740879339705337 ], [ 73.830300481142217, 30.740597177295633 ], [ 73.829877084174214, 30.74034966818504 ], [ 73.82942764153664, 30.740139195775612 ], [ 73.828956481162692, 30.739967786824934 ], [ 73.828468140044393, 30.739837091935147 ], [ 73.827967320559651, 30.739748369662987 ], [ 73.827458845209378, 30.739702474403209 ], [ 73.826947610199653, 30.739699848162214 ], [ 73.826438538315088, 30.739740516300923 ], [ 73.8259365315362, 30.739824087287868 ], [ 73.825446423855936, 30.739949756465045 ], [ 73.824972934749042, 30.74011631379047 ], [ 73.824520623741321, 30.740322155483046 ], [ 73.824093846515453, 30.74056529945798 ], [ 73.823696712975789, 30.740843404404441 ], [ 73.823333047675121, 30.74115379232224 ], [ 73.823006352984393, 30.741493474300785 ], [ 73.822719775360255, 30.741859179292593 ], [ 73.822476075034757, 30.742247385604731 ], [ 73.82227759942019, 30.742654354805072 ], [ 73.822126260485035, 30.74307616771765 ], [ 73.822023516319973, 30.743508762160172 ], [ 73.821970357072033, 30.743947972061068 ], [ 73.82196729538353, 30.74438956757902 ], [ 73.82201436142833, 30.744829295839136 ], [ 73.822111102595059, 30.745262921893037 ], [ 73.822256587820362, 30.745686269508479 ], [ 73.822449416532436, 30.746095261395624 ], [ 73.822687732118823, 30.746485958481962 ], [ 73.82296923978987, 30.746854597857677 ], [ 73.823291228666633, 30.747197629025322 ], [ 73.823650597880601, 30.74751174810466 ], [ 73.824043886434424, 30.74779392966235 ], [ 73.824467306536121, 30.74804145585993 ], [ 73.824916780085559, 30.748251942638671 ], [ 73.825387977961626, 30.748423362688797 ], [ 73.82587636173109, 30.748554064981604 ], [ 73.82637722737698, 30.748642790675884 ], [ 73.826885750624456, 30.748688685245373 ], [ 73.827397033426777, 30.748691306710175 ], [ 73.827906151162665, 30.748650629892939 ], [ 73.828408200089584, 30.748567046658625 ], [ 73.828898344594862, 30.748441362135903 ], [ 73.829371863788552, 30.748274786956479 ], [ 73.829824196988696, 30.748068925587578 ], [ 73.830250987659724, 30.747825760870136 ], [ 73.83064812538062, 30.747547634912099 ], [ 73.831011785437894, 30.747237226521118 ], [ 73.831338465662085, 30.746897525394576 ], [ 73.831625020152529, 30.746531803315793 ], [ 73.83186868956615, 30.746143582634353 ], [ 73.832067127678613, 30.745736602334553 ], [ 73.832218423962615, 30.745314782018944 ], [ 73.83232112196653, 30.744882184154307 ], [ 73.832374233317239, 30.744442974943713 ], [ 73.832377247213174, 30.744001384201937 ] ] ] } },
{ "type": "Feature", "properties": { "element": "way", "id": 953861635, "addr:city": null, "addr:housenumber": null, "addr:postcode": null, "addr:street": null, "amenity": "college", "brand": null, "brand:ar": null, "brand:ur": null, "brand:wikidata": null, "brand:wikipedia": null, "brand:wikipedia:ar": null, "brand:wikipedia:ur": null, "name": "Girls Degree College", "name:ar": null, "name:en": null, "name:fa": null, "name:pa": null, "name:pnb": null, "name:sd": null, "name:ur": null, "opening_hours": null, "short_name": null, "short_name:ur": null, "cuisine": null, "operator": null, "religion": null, "building": null, "phone": null, "emergency": null, "email": null, "website": null, "wheelchair": null, "brand:ks": null, "name:ks": null, "brand:en": null, "takeaway": null, "brand:fa": null, "brand:wikipedia:fa": null, "facebook": null, "denomination": null, "delivery": null, "diet:halal": null, "internet_access": null, "reservation": null, "addr:place": null, "internet_access:fee": null, "outdoor_seating": null, "reg_name": null, "loc_name": null, "vending": null, "alt_name": null, "community_centre": null, "description": null, "wikidata": null, "service_times": null, "layer": null, "architect": null, "source": null, "operator:wikidata": null }, "geometry": { "type": "Polygon", "coordinates": [ [ [ 73.826930097966056, 30.745297770001212 ], [ 73.826883009195171, 30.744858045937878 ], [ 73.826786247707076, 30.744424425659311 ], [ 73.826640745974686, 30.744001084989481 ], [ 73.826447905789479, 30.743592100709503 ], [ 73.826209584741022, 30.743201411304518 ], [ 73.82592807831081, 30.742832779043759 ], [ 73.825606097753237, 30.742489753758804 ], [ 73.82524674397726, 30.742175638668137 ], [ 73.824853477680733, 30.741893458577071 ], [ 73.824430086024776, 30.741645930758445 ], [ 73.823980646169503, 30.741435438794486 ], [ 73.823509486021422, 30.741264009630981 ], [ 73.823021142570468, 30.741133294064674 ], [ 73.82252031821703, 30.741044550851303 ], [ 73.822011835508945, 30.740998634587207 ], [ 73.821500590723133, 30.740995987480947 ], [ 73.820991506738281, 30.741036635094282 ], [ 73.820489485651407, 30.741120186093305 ], [ 73.819999361593091, 30.741245836012414 ], [ 73.819525854195717, 30.741412374995026 ], [ 73.819073523161038, 30.741618199436612 ], [ 73.818646724364513, 30.741861327418469 ], [ 73.818249567918016, 30.742139417783775 ], [ 73.817885878594765, 30.74244979267274 ], [ 73.817559158996971, 30.742789463300287 ], [ 73.817272555820921, 30.743155158728264 ], [ 73.817028829544668, 30.7435433573559 ], [ 73.816830327830303, 30.743950320825196 ], [ 73.816678962897569, 30.744372130015421 ], [ 73.816576193087485, 30.744804722780227 ], [ 73.816523008794078, 30.74524393306433 ], [ 73.81651992290081, 30.74568553102284 ], [ 73.816566965814786, 30.746125263757456 ], [ 73.816663685147375, 30.746558896276809 ], [ 73.8168091500457, 30.746982252286486 ], [ 73.817001960133808, 30.747391254415913 ], [ 73.817240258978714, 30.747781963493978 ], [ 73.817521751952214, 30.748150616495423 ], [ 73.817843728317058, 30.748493662791628 ], [ 73.818203087325386, 30.748807798356644 ], [ 73.818596368078289, 30.749089997598375 ], [ 73.819019782859073, 30.74933754250797 ], [ 73.819469253618976, 30.74954804884646 ], [ 73.819940451263832, 30.749719489115627 ], [ 73.820428837362741, 30.749850212091957 ], [ 73.820929707876317, 30.749938958734944 ], [ 73.821438238482898, 30.749984874316457 ], [ 73.821949531064817, 30.749987516654151 ], [ 73.822458660906577, 30.749946860369523 ], [ 73.82296072414897, 30.749863297129728 ], [ 73.823450885041339, 30.749737631870747 ], [ 73.823924422535825, 30.749571075038691 ], [ 73.824376775774027, 30.749365230924038 ], [ 73.824803588027265, 30.749122082201492 ], [ 73.825200748666504, 30.74884397082495 ], [ 73.825564432757389, 30.748533575461614 ], [ 73.825891137898822, 30.748193885683438 ], [ 73.826177717950046, 30.747828173164468 ], [ 73.826421413321668, 30.747439960162293 ], [ 73.826619877539258, 30.747032985587335 ], [ 73.826771199824037, 30.746611168987098 ], [ 73.826873923473968, 30.746178572792662 ], [ 73.826927059868893, 30.745739363191149 ], [ 73.826930097966056, 30.745297770001212 ] ] ] } },
{ "type": "Feature", "properties": { "element": "way", "id": 953861637, "addr:city": null, "addr:housenumber": null, "addr:postcode": null, "addr:street": null, "amenity": "school", "brand": null, "brand:ar": null, "brand:ur": null, "brand:wikidata": null, "brand:wikipedia": null, "brand:wikipedia:ar": null, "brand:wikipedia:ur": null, "name": "Govt High School For Boys", "name:ar": null, "name:en": null, "name:fa": null, "name:pa": null, "name:pnb": null, "name:sd": null, "name:ur": null, "opening_hours": null, "short_name": null, "short_name:ur": null, "cuisine": null, "operator": null, "religion": null, "building": null, "phone": null, "emergency": null, "email": null, "website": null, "wheelchair": null, "brand:ks": null, "name:ks": null, "brand:en": null, "takeaway": null, "brand:fa": null, "brand:wikipedia:fa": null, "facebook": null, "denomination": null, "delivery": null, "diet:halal": null, "internet_access": null, "reservation": null, "addr:place": null, "internet_access:fee": null, "outdoor_seating": null, "reg_name": null, "loc_name": null, "vending": null, "alt_name": null, "community_centre": null, "description": null, "wikidata": null, "service_times": null, "layer": null, "architect": null, "source": null, "operator:wikidata": null }, "geometry": { "type": "Polygon", "coordinates": [ [ [ 73.824700826041465, 30.739932252168167 ], [ 73.824653753411198, 30.739492525711629 ], [ 73.824557010520735, 30.739058901909139 ], [ 73.824411529663749, 30.738635556618679 ], [ 73.824218712430579, 30.738226566665933 ], [ 73.823980416189642, 30.737835870590743 ], [ 73.823698936183519, 30.737467230726654 ], [ 73.823376983412089, 30.737124196978542 ], [ 73.82301765851679, 30.736810072646467 ], [ 73.822624421917396, 30.736527882624792 ], [ 73.822201060489121, 30.736280344282061 ], [ 73.82175165110111, 30.736069841301894 ], [ 73.821280521366617, 30.735898400736179 ], [ 73.820792207982862, 30.735767673491502 ], [ 73.820291413060886, 30.735678918436051 ], [ 73.819782958865218, 30.735632990280173 ], [ 73.81927174139841, 30.735630331346968 ], [ 73.818762683276276, 30.735670967312025 ], [ 73.818260686346846, 30.73575450695358 ], [ 73.817770584508253, 30.735880145915313 ], [ 73.817297097178979, 30.736046674446122 ], [ 73.816844783867595, 30.736252489042048 ], [ 73.816418000278887, 30.736495607879149 ], [ 73.816020856378287, 30.736773689888579 ], [ 73.815657176818178, 30.737084057290975 ], [ 73.815330464106651, 30.737423721373265 ], [ 73.815043864873559, 30.737789411260312 ], [ 73.814800139558869, 30.738177605404665 ], [ 73.814601635815222, 30.73858456549144 ], [ 73.81445026588176, 30.739006372432499 ], [ 73.814347488147448, 30.739438964103183 ], [ 73.81429429308244, 30.739878174458696 ], [ 73.814291193673725, 30.74031977365355 ], [ 73.81433822045841, 30.740759508777558 ], [ 73.814434921203045, 30.741193144816386 ], [ 73.814580365233596, 30.741616505441836 ], [ 73.814773152374968, 30.742025513238872 ], [ 73.815011426415126, 30.742416228981938 ], [ 73.815292892964678, 30.742784889581642 ], [ 73.81561484154085, 30.743127944336273 ], [ 73.815974171663441, 30.743442089138473 ], [ 73.816367422711821, 30.743724298307253 ], [ 73.816790807255444, 30.743971853738227 ], [ 73.817240247536901, 30.744182371091114 ], [ 73.817711414755706, 30.744353822761664 ], [ 73.818199770774157, 30.74448455741657 ], [ 73.818700611842786, 30.744573315902848 ], [ 73.819209113923634, 30.744619243378288 ], [ 73.819720379173972, 30.744621897545979 ], [ 73.820229483141702, 30.744581252913445 ], [ 73.820731522216974, 30.744497701035566 ], [ 73.821221660881974, 30.744372046738828 ], [ 73.821695178303059, 30.744205500363726 ], [ 73.82214751381521, 30.743999666099917 ], [ 73.822574310860503, 30.743756526527211 ], [ 73.822971458956332, 30.74347842351127 ], [ 73.823335133289149, 30.743168035638735 ], [ 73.823661831551732, 30.742828352409347 ], [ 73.823948407669448, 30.742462645434049 ], [ 73.824192102090691, 30.742074436916987 ], [ 73.824390568350012, 30.741667465725374 ], [ 73.824541895648778, 30.741245651374101 ], [ 73.824644627236466, 30.7408130562726 ], [ 73.824697774416293, 30.740373846597503 ], [ 73.824700826041465, 30.739932252168167 ] ] ] } },
{ "type": "Feature", "properties": { "element": "way", "id": 954113442, "addr:city": null, "addr:housenumber": null, "addr:postcode": null, "addr:street": null, "amenity": "school", "brand": null, "brand:ar": null, "brand:ur": null, "brand:wikidata": null, "brand:wikipedia": null, "brand:wikipedia:ar": null, "brand:wikipedia:ur": null, "name": "Government Boys High School", "name:ar": null, "name:en": null, "name:fa": null, "name:pa": null, "name:pnb": null, "name:sd": null, "name:ur": null, "opening_hours": null, "short_name": null, "short_name:ur": null, "cuisine": null, "operator": null, "religion": null, "building": null, "phone": null, "emergency": null, "email": null, "website": null, "wheelchair": null, "brand:ks": null, "name:ks": null, "brand:en": null, "takeaway": null, "brand:fa": null, "brand:wikipedia:fa": null, "facebook": null, "denomination": null, "delivery": null, "diet:halal": null, "internet_access": null, "reservation": null, "addr:place": null, "internet_access:fee": null, "outdoor_seating": null, "reg_name": null, "loc_name": null, "vending": null, "alt_name": null, "community_centre": null, "description": null, "wikidata": null, "service_times": null, "layer": null, "architect": null, "source": null, "operator:wikidata": null }, "geometry": { "type": "Polygon", "coordinates": [ [ [ 73.664184427702295, 30.526253611593727 ], [ 73.664138314911895, 30.525813731191679 ], [ 73.664042620952713, 30.525379881641754 ], [ 73.663898268011977, 30.524956240979833 ], [ 73.663706646814404, 30.524546888880216 ], [ 73.663469603208512, 30.524155767374317 ], [ 73.663189420373484, 30.523786642896599 ], [ 73.6628687968186, 30.523443070022442 ], [ 73.662510820387752, 30.523128357247 ], [ 73.662118938519185, 30.522845535134007 ], [ 73.661696925047664, 30.522597327141167 ], [ 73.661248843868037, 30.522386123402136 ], [ 73.660779009810284, 30.522213957717781 ], [ 73.660291947102095, 30.522082487977364 ], [ 73.659792345818474, 30.521992980198416 ], [ 73.659285016737059, 30.521946296338427 ], [ 73.658774845032823, 30.521942885995639 ], [ 73.658266743257442, 30.521982782078968 ], [ 73.657765604054788, 30.522065600488503 ], [ 73.65727625306728, 30.522190543809959 ], [ 73.656803402485394, 30.522356408987623 ], [ 73.656351605687007, 30.522561598902044 ], [ 73.655925213402398, 30.522804137741552 ], [ 73.655528331826673, 30.523081690019556 ], [ 73.655164783082327, 30.523391583055336 ], [ 73.654838068412687, 30.523730832701812 ], [ 73.65455133446018, 30.524096172073392 ], [ 73.65430734295488, 30.524484082997265 ], [ 73.654108444104921, 30.524890829885901 ], [ 73.65395655394596, 30.525312495704927 ], [ 73.653853135868374, 30.525745019690081 ], [ 73.653799186500706, 30.526184236450465 ], [ 73.653795226086345, 30.526625916081517 ], [ 73.653841293447257, 30.527065804901625 ], [ 73.65393694558378, 30.527499666419871 ], [ 73.654081261915877, 30.527923322140403 ], [ 73.654272853125718, 30.52833269181026 ], [ 73.65450987451716, 30.528723832722786 ], [ 73.654790043764748, 30.529092977697751 ], [ 73.655110662881313, 30.529436571372056 ], [ 73.655468644193576, 30.529751304451242 ], [ 73.655860540075665, 30.530034145591294 ], [ 73.656282576154311, 30.530282370603306 ], [ 73.656730687665842, 30.530493588699585 ], [ 73.657200558614676, 30.530665765527527 ], [ 73.657687663355446, 30.530797242769626 ], [ 73.658187310197803, 30.530886754120061 ], [ 73.65869468661333, 30.530933437484123 ], [ 73.659204905608036, 30.530936843282589 ], [ 73.659713052812904, 30.530896938781193 ], [ 73.660214233838232, 30.530814108403352 ], [ 73.660703621434379, 30.530689150023271 ], [ 73.661176502003997, 30.530523267275385 ], [ 73.661628321016821, 30.530318057954325 ], [ 73.662054726888869, 30.530075498617567 ], [ 73.662451612902913, 30.529797925539409 ], [ 73.662815156765831, 30.529488012199902 ], [ 73.663141857421977, 30.529148743526363 ], [ 73.663428568767344, 30.528783387135601 ], [ 73.66367252994074, 30.528395461854483 ], [ 73.663871391899619, 30.52798870382226 ], [ 73.664023240026012, 30.527567030501551 ], [ 73.664126612544862, 30.527134502944904 ], [ 73.664180514578419, 30.526695286680461 ], [ 73.664184427702295, 30.526253611593727 ] ] ] } },
{ "type": "Feature", "properties": { "element": "way", "id": 1255978707, "addr:city": null, "addr:housenumber": null, "addr:postcode": null, "addr:street": null, "amenity": "university", "brand": null, "brand:ar": null, "brand:ur": null, "brand:wikidata": null, "brand:wikipedia": null, "brand:wikipedia:ar": null, "brand:wikipedia:ur": null, "name": "University of Okara", "name:ar": null, "name:en": null, "name:fa": null, "name:pa": null, "name:pnb": null, "name:sd": null, "name:ur": null, "opening_hours": null, "short_name": null, "short_name:ur": null, "cuisine": null, "operator": null, "religion": null, "building": null, "phone": null, "emergency": null, "email": null, "website": null, "wheelchair": null, "brand:ks": null, "name:ks": null, "brand:en": null, "takeaway": null, "brand:fa": null, "brand:wikipedia:fa": null, "facebook": null, "denomination": null, "delivery": null, "diet:halal": null, "internet_access": null, "reservation": null, "addr:place": null, "internet_access:fee": null, "outdoor_seating": null, "reg_name": null, "loc_name": null, "vending": null, "alt_name": null, "community_centre": null, "description": null, "wikidata": null, "service_times": null, "layer": "1", "architect": null, "source": null, "operator:wikidata": null }, "geometry": { "type": "Polygon", "coordinates": [ [ [ 73.571605416328978, 30.866811620894833 ], [ 73.571559348601397, 30.866371696843903 ], [ 73.571463516730589, 30.865937786126739 ], [ 73.571318844243635, 30.865514067368562 ], [ 73.571126724953729, 30.865104620995172 ], [ 73.570889009516208, 30.864713389944509 ], [ 73.570607987588815, 30.86434414170381 ], [ 73.570286365768453, 30.864000432037436 ], [ 73.569927241517362, 30.863685570754456 ], [ 73.56953407333036, 30.863402589844878 ], [ 73.569110647430151, 30.863154214291441 ], [ 73.568661041311728, 30.862942835837142 ], [ 73.568189584486547, 30.862770489961097 ], [ 73.567700816803793, 30.862638836283775 ], [ 73.567199444749889, 30.862549142590289 ], [ 73.566690296146064, 30.862502272625314 ], [ 73.566178273679256, 30.862498677776724 ], [ 73.565668307713267, 30.862538392728379 ], [ 73.565165308833258, 30.862621035123649 ], [ 73.564674120579582, 30.862745809243091 ], [ 73.564199472825607, 30.862911513661043 ], [ 73.563745936246974, 30.863116552807725 ], [ 73.563317878320547, 30.863358952325587 ], [ 73.562919421275822, 30.863636378072734 ], [ 73.562554402403322, 30.863946158590451 ], [ 73.562226337102146, 30.864285310819234 ], [ 73.561938385022032, 30.864650568815925 ], [ 73.561693319626585, 30.865038415195738 ], [ 73.561493501470608, 30.865445114997126 ], [ 73.561340855449828, 30.865866751643324 ], [ 73.561236852242359, 30.866299264654817 ], [ 73.561182494121795, 30.866738488749682 ], [ 73.561178305279128, 30.867180193955431 ], [ 73.561224326747819, 30.867620126346043 ], [ 73.56132011598217, 30.868054049012116 ], [ 73.561464751093524, 30.868477782869221 ], [ 73.56165683970508, 30.868887246911317 ], [ 73.561894532340389, 30.869278497521456 ], [ 73.56217554021805, 30.869647766460758 ], [ 73.56249715728103, 30.869991497169408 ], [ 73.562856286249925, 30.870306379029724 ], [ 73.563249468448632, 30.870589379260892 ], [ 73.563672917115994, 30.870837772137673 ], [ 73.564122553882029, 30.871049165251303 ], [ 73.564594048057586, 30.871221522559392 ], [ 73.565082858358082, 30.8713531840021 ], [ 73.565584276659308, 30.871442881495874 ], [ 73.566093473362812, 30.871489751150033 ], [ 73.566605543933193, 30.871493341588621 ], [ 73.567115556158043, 30.871453618297274 ], [ 73.567618597674539, 30.871370963953105 ], [ 73.5681098233038, 30.871246174734754 ], [ 73.56858450173614, 30.871080452648084 ], [ 73.56903806111697, 30.870875393941912 ], [ 73.569466133093144, 30.870632973725453 ], [ 73.56986459489525, 30.870355526936031 ], [ 73.570229609049917, 30.870045725840981 ], [ 73.570557660339404, 30.869706554290591 ], [ 73.570845589652365, 30.869341278970577 ], [ 73.571090624400199, 30.868953417931408 ], [ 73.571290405205815, 30.868546706697988 ], [ 73.571443008608867, 30.868125062286428 ], [ 73.571546965568984, 30.867692545474615 ], [ 73.57160127558987, 30.86725332169058 ], [ 73.571605416328978, 30.866811620894833 ] ] ] } },
{ "type": "Feature", "properties": { "element": "way", "id": 1323033342, "addr:city": null, "addr:housenumber": null, "addr:postcode": null, "addr:street": null, "amenity": "school", "brand": null, "brand:ar": null, "brand:ur": null, "brand:wikidata": null, "brand:wikipedia": null, "brand:wikipedia:ar": null, "brand:wikipedia:ur": null, "name": "Main Ground DPS Okara Boys Wing", "name:ar": null, "name:en": null, "name:fa": null, "name:pa": null, "name:pnb": null, "name:sd": null, "name:ur": null, "opening_hours": null, "short_name": null, "short_name:ur": null, "cuisine": null, "operator": null, "religion": null, "building": null, "phone": null, "emergency": null, "email": null, "website": null, "wheelchair": null, "brand:ks": null, "name:ks": null, "brand:en": null, "takeaway": null, "brand:fa": null, "brand:wikipedia:fa": null, "facebook": null, "denomination": null, "delivery": null, "diet:halal": null, "internet_access": null, "reservation": null, "addr:place": null, "internet_access:fee": null, "outdoor_seating": null, "reg_name": null, "loc_name": null, "vending": null, "alt_name": null, "community_centre": null, "description": null, "wikidata": null, "service_times": null, "layer": null, "architect": null, "source": null, "operator:wikidata": null }, "geometry": { "type": "Polygon", "coordinates": [ [ [ 73.428590610502027, 30.803106297080571 ], [ 73.428545260067722, 30.802666252449434 ], [ 73.428450161822383, 30.802232163658299 ], [ 73.428306232227655, 30.801808211050311 ], [ 73.42811485794293, 30.801398477306126 ], [ 73.427877882450318, 30.801006908133736 ], [ 73.427597588283902, 30.800637274278845 ], [ 73.42727667503506, 30.800293135221256 ], [ 73.42691823334593, 30.799977804906547 ], [ 73.426525715142134, 30.799694319842455 ], [ 73.426102900391342, 30.799445409867133 ], [ 73.425653860707598, 30.799233471869936 ], [ 73.425182920151997, 30.799060546717609 ], [ 73.424694613606263, 30.798928299607859 ], [ 73.424193643119949, 30.798838004038927 ], [ 73.423684832650494, 30.798790529549464 ], [ 73.42317308163129, 30.798786333346577 ], [ 73.422663317814028, 30.798825455902634 ], [ 73.422160449838202, 30.79890752056313 ], [ 73.421669319983806, 30.799031737169628 ], [ 73.421194657561088, 30.79919690966285 ], [ 73.420741033385369, 30.799401447593191 ], [ 73.420312815774722, 30.799643381427948 ], [ 73.419914128493261, 30.79992038150824 ], [ 73.419548811045047, 30.800229780473536 ], [ 73.419220381700285, 30.800568598938145 ], [ 73.418932003610081, 30.800933574173143 ], [ 73.418686454335941, 30.801321191517328 ], [ 73.418486099087957, 30.801727718215901 ], [ 73.418332867929877, 30.802149239360713 ], [ 73.418228237170922, 30.802581695586589 ], [ 73.418173215124753, 30.803020922160851 ], [ 73.418168332373455, 30.803462689089791 ], [ 73.418213636631165, 30.80390274185585 ], [ 73.418308692258151, 30.804336842393298 ], [ 73.418452584430511, 30.804760809907613 ], [ 73.418643927926993, 30.80517056114526 ], [ 73.418880880448697, 30.805562149726004 ], [ 73.419161160344217, 30.805931804158288 ], [ 73.419482068570673, 30.806275964171515 ], [ 73.419840514678896, 30.806591315014842 ], [ 73.420233046573472, 30.806874819391574 ], [ 73.420655883760574, 30.807123746721402 ], [ 73.42110495376393, 30.807335699448057 ], [ 73.421575931357324, 30.807508636138746 ], [ 73.422064280235645, 30.807640891152325 ], [ 73.422565296722567, 30.80773119068683 ], [ 73.423074155092849, 30.807778665051245 ], [ 73.42358595407228, 30.807782857043243 ], [ 73.424095764066109, 30.807743726352271 ], [ 73.424598674660302, 30.807661649945452 ], [ 73.425089841937066, 30.807537418432652 ], [ 73.425564535148041, 30.807372228445963 ], [ 73.426018182294683, 30.807167671107251 ], [ 73.426446414176198, 30.806925716695101 ], [ 73.426845106480059, 30.80664869565916 ], [ 73.427210419509166, 30.806339276165279 ], [ 73.427538835163148, 30.806000438388004 ], [ 73.427827190817069, 30.805635445798512 ], [ 73.428072709771584, 30.805247813724868 ], [ 73.42827302798176, 30.804841275487941 ], [ 73.428426216807239, 30.804419746439279 ], [ 73.4285308015656, 30.803987286247818 ], [ 73.428585775710957, 30.803548059798615 ], [ 73.428590610502027, 30.803106297080571 ] ] ] } },
{ "type": "Feature", "properties": { "element": "way", "id": 1323034990, "addr:city": null, "addr:housenumber": null, "addr:postcode": null, "addr:street": null, "amenity": "school", "brand": null, "brand:ar": null, "brand:ur": null, "brand:wikidata": null, "brand:wikipedia": null, "brand:wikipedia:ar": null, "brand:wikipedia:ur": null, "name": "New Campus Cricket Ground", "name:ar": null, "name:en": null, "name:fa": null, "name:pa": null, "name:pnb": null, "name:sd": null, "name:ur": null, "opening_hours": null, "short_name": null, "short_name:ur": null, "cuisine": null, "operator": null, "religion": null, "building": "yes", "phone": null, "emergency": null, "email": null, "website": null, "wheelchair": null, "brand:ks": null, "name:ks": null, "brand:en": null, "takeaway": null, "brand:fa": null, "brand:wikipedia:fa": null, "facebook": null, "denomination": null, "delivery": null, "diet:halal": null, "internet_access": null, "reservation": null, "addr:place": null, "internet_access:fee": null, "outdoor_seating": null, "reg_name": null, "loc_name": null, "vending": null, "alt_name": null, "community_centre": null, "description": null, "wikidata": null, "service_times": null, "layer": null, "architect": null, "source": null, "operator:wikidata": null }, "geometry": { "type": "Polygon", "coordinates": [ [ [ 73.459506417955481, 30.817168591078183 ], [ 73.459460912416603, 30.816728572298342 ], [ 73.459365655366526, 30.816294521787484 ], [ 73.459221564796394, 30.815870619519423 ], [ 73.459030028915706, 30.815460947689445 ], [ 73.458792892762474, 30.815069451408714 ], [ 73.458512440417593, 30.814699900720488 ], [ 73.458191372995046, 30.814355854303251 ], [ 73.457832782620912, 30.814040625210087 ], [ 73.457440122651846, 30.813757248973808 ], [ 73.457017174419761, 30.813508454384433 ], [ 73.456568010823204, 30.813296637220184 ], [ 73.456096957115534, 30.813123837184349 ], [ 73.455608549267282, 30.81299171827003 ], [ 73.455107490302652, 30.812901552741284 ], [ 73.454598605030398, 30.812854208884904 ], [ 73.454086793603722, 30.812850142650539 ], [ 73.453576984355578, 30.812889393259464 ], [ 73.453074086362705, 30.812971582824662 ], [ 73.452582942194141, 30.813095919985351 ], [ 73.452108281298109, 30.813261207521897 ], [ 73.451654674475563, 30.813465853877318 ], [ 73.451226489877968, 30.813707888475165 ], [ 73.450827850952194, 30.813984980686545 ], [ 73.450462596737438, 30.814294462263927 ], [ 73.450134244895864, 30.814633353026199 ], [ 73.449845957833134, 30.814998389548158 ], [ 73.449600512235179, 30.815386056578319 ], [ 73.449400272314691, 30.815792620883158 ], [ 73.449247167025689, 30.816214167192015 ], [ 73.449142671466092, 30.816646635896966 ], [ 73.449087792648328, 30.817085862144616 ], [ 73.449083059775703, 30.817527615943849 ], [ 73.449128519119441, 30.817967642902907 ], [ 73.449223733546489, 30.818401705203975 ], [ 73.449367786703704, 30.818825622420125 ], [ 73.449559291819313, 30.819235311781654 ], [ 73.449796405037574, 30.819626827503626 ], [ 73.450076843159025, 30.819996398795713 ], [ 73.450397905616256, 30.82034046618762 ], [ 73.450756500473986, 30.820655715820202 ], [ 73.451149174203252, 30.820939111371356 ], [ 73.451572144943384, 30.821187923308774 ], [ 73.452021338930834, 30.821399755187578 ], [ 73.452492429744339, 30.821572566739004 ], [ 73.452980879987436, 30.821704693527423 ], [ 73.45348198500669, 30.82179486298616 ], [ 73.453990918223482, 30.821842206677388 ], [ 73.454502777642148, 30.821846268657854 ], [ 73.455012633085431, 30.821807009869687 ], [ 73.455515573701334, 30.821724808514311 ], [ 73.456006755282829, 30.821600456405513 ], [ 73.456481446943954, 30.821435151337425 ], [ 73.456935076701427, 30.821230485540745 ], [ 73.457363275522468, 30.820988430339039 ], [ 73.457761919413571, 30.820711317152995 ], [ 73.458127169144731, 30.820401815036195 ], [ 73.458455507226091, 30.820062904959052 ], [ 73.458743771780775, 30.819697851089042 ], [ 73.458989186987836, 30.81931016934432 ], [ 73.459189389802475, 30.818903593523906 ], [ 73.459342452696646, 30.818482039340942 ], [ 73.459446902201634, 30.818049566706009 ], [ 73.459501733074859, 30.817610340623503 ], [ 73.459506417955481, 30.817168591078183 ] ] ] } },
{ "type": "Feature", "properties": { "element": "way", "id": 1323034992, "addr:city": null, "addr:housenumber": null, "addr:postcode": null, "addr:street": null, "amenity": "school", "brand": null, "brand:ar": null, "brand:ur": null, "brand:wikidata": null, "brand:wikipedia": null, "brand:wikipedia:ar": null, "brand:wikipedia:ur": null, "name": "New Islamia High School Football Ground", "name:ar": null, "name:en": null, "name:fa": null, "name:pa": null, "name:pnb": null, "name:sd": null, "name:ur": null, "opening_hours": null, "short_name": null, "short_name:ur": null, "cuisine": null, "operator": null, "religion": null, "building": null, "phone": null, "emergency": null, "email": null, "website": null, "wheelchair": null, "brand:ks": null, "name:ks": null, "brand:en": null, "takeaway": null, "brand:fa": null, "brand:wikipedia:fa": null, "facebook": null, "denomination": null, "delivery": null, "diet:halal": null, "internet_access": null, "reservation": null, "addr:place": null, "internet_access:fee": null, "outdoor_seating": null, "reg_name": null, "loc_name": null, "vending": null, "alt_name": null, "community_centre": null, "description": null, "wikidata": null, "service_times": null, "layer": null, "architect": null, "source": null, "operator:wikidata": null }, "geometry": { "type": "Polygon", "coordinates": [ [ [ 73.459677390675949, 30.815981423397005 ], [ 73.4596318856306, 30.815541404642737 ], [ 73.459536629698292, 30.815107354163633 ], [ 73.459392540859355, 30.814683451933206 ], [ 73.459201007306561, 30.814273780146362 ], [ 73.458963874055527, 30.813882283913884 ], [ 73.458683425159109, 30.813512733278554 ], [ 73.458362361698079, 30.813168686918363 ], [ 73.458003775760375, 30.812853457885858 ], [ 73.457611120659919, 30.812570081713272 ], [ 73.457188177681715, 30.812321287190059 ], [ 73.456739019673734, 30.812109470093777 ], [ 73.456267971835558, 30.81193667012711 ], [ 73.455779570081177, 30.811804551282457 ], [ 73.455278517376158, 30.811714385823247 ], [ 73.454769638469045, 30.811667042035634 ], [ 73.454257833451692, 30.811662975868554 ], [ 73.453748030595449, 30.811702226542707 ], [ 73.453245138915534, 30.811784416170379 ], [ 73.452754000920152, 30.811908753390238 ], [ 73.452279345998193, 30.812074040982051 ], [ 73.451825744893085, 30.812278687388289 ], [ 73.451397565701242, 30.812520722032037 ], [ 73.450998931817509, 30.812797814283908 ], [ 73.450633682232521, 30.813107295895986 ], [ 73.450305334563851, 30.813446186686821 ], [ 73.450017051177028, 30.8138112232309 ], [ 73.4497716087225, 30.81419889027655 ], [ 73.449571371382703, 30.814605454590033 ], [ 73.44941826808676, 30.815027000900646 ], [ 73.449313773913374, 30.815459469600373 ], [ 73.449258895861576, 30.815898695835926 ], [ 73.449254163127279, 30.816340449616256 ], [ 73.44929962198033, 30.816780476549798 ], [ 73.449394835292324, 30.817214538818995 ], [ 73.449538886720859, 30.817638455997201 ], [ 73.449730389510762, 30.818048145315093 ], [ 73.449967499828645, 30.818439660988179 ], [ 73.450247934502968, 30.818809232226588 ], [ 73.450568992999479, 30.819153299560561 ], [ 73.450927583421048, 30.819468549131543 ], [ 73.451320252281448, 30.819751944618002 ], [ 73.451743217766861, 30.82000075648828 ], [ 73.452192406164386, 30.820212588298183 ], [ 73.452663491106591, 30.820385399779596 ], [ 73.453151935253601, 30.820517526497579 ], [ 73.453653034010699, 30.820607695886171 ], [ 73.454161960859651, 30.820655039508214 ], [ 73.454673813866137, 30.820659101421114 ], [ 73.455183662914692, 30.820619842567677 ], [ 73.455686597214921, 30.820537641149922 ], [ 73.456177772620677, 30.820413288982273 ], [ 73.456652458305541, 30.820247983859428 ], [ 73.457106082343785, 30.820043318012576 ], [ 73.457534275757737, 30.819801262765754 ], [ 73.457932914605976, 30.819524149540108 ], [ 73.458298159707098, 30.819214647389558 ], [ 73.458626493615839, 30.818875737284827 ], [ 73.458914754495467, 30.818510683393683 ], [ 73.459160166560437, 30.818123001634412 ], [ 73.459360366796204, 30.817716425806196 ], [ 73.459513427699534, 30.817294871622249 ], [ 73.459617875820811, 30.816862398993116 ], [ 73.459672705930799, 30.816423172923141 ], [ 73.459677390675949, 30.815981423397005 ] ] ] } }
]
}
